airtemp,humidity,insolation,windspeed,winddirection,power (W)
23.400000000000016,73.62333333333332,0.19999999999999982,1.28,268.55,0.0
23.400000000000016,75.39999999999992,18.14833333333333,1.078333333333333,245.31666666666666,4091.0
23.704999999999995,73.28333333333336,102.44333333333334,0.97,255.68333333333334,24900.583333333332
24.23666666666664,70.9033333333333,89.48166666666665,0.7783333333333332,217.73333333333332,25162.166666666668
25.108333333333313,67.65,115.67333333333335,0.8366666666666668,209.4,33502.75
25.924999999999976,65.42333333333337,190.4633333333334,0.9516666666666665,185.45,61083.416666666664
27.249999999999996,61.46333333333328,354.0200000000001,1.4783333333333333,176.65,111913.75
27.6983333333333,58.9433333333333,481.0233333333334,1.846666666666667,184.66666666666666,139097.83333333334
27.08000000000002,58.513333333333335,244.0466666666667,1.9116666666666673,165.63333333333333,74294.66666666667
20.79833333333332,80.69333333333337,10.378333333333336,2.735,171.66666666666666,3453.0
20.4,86.5,37.35166666666666,0.7866666666666667,176.53333333333333,10574.916666666666
20.850000000000005,87.0,17.50666666666666,1.2966666666666666,172.08333333333334,4484.25
20.900000000000002,87.5,1.6533333333333349,0.8633333333333337,210.83333333333334,99.66666666666667
20.900000000000002,87.5,0.19999999999999982,1.25,196.41666666666666,0.0
20.900000000000002,87.5,0.19999999999999982,1.3083333333333336,219.71666666666667,0.0
20.4,82.93833333333323,0.5833333333333334,1.0333333333333337,216.23333333333332,0.0
20.4,83.83833333333341,39.19333333333332,1.1416666666666668,210.36666666666667,9435.333333333334
20.4,84.06666666666676,96.86333333333333,1.0116666666666667,177.71666666666667,25561.416666666668
20.850000000000005,82.53333333333335,190.79000000000002,1.0649999999999995,172.95,53528.916666666664
21.986666666666665,77.51666666666661,296.9950000000002,1.0033333333333334,202.71666666666667,88837.25
23.993333333333347,72.45333333333332,451.07666666666665,1.0700000000000003,171.81666666666666,116874.25
21.743333333333357,72.63166666666666,186.76833333333343,0.9750000000000001,96.88333333333334,63321.416666666664
21.84166666666669,75.88833333333334,74.53333333333333,0.8849999999999998,169.11666666666667,26124.25
21.700000000000024,76.59500000000004,97.71500000000002,0.40166666666666695,228.03333333333333,33731.916666666664
22.494999999999973,74.99999999999997,204.68999999999994,0.2783333333333334,163.13333333333333,67913.66666666667
23.199999999999978,70.94833333333334,148.345,0.4366666666666665,216.46666666666667,47085.666666666664
22.994999999999973,71.4033333333333,135.51166666666663,1.225,225.16666666666666,40659.333333333336
20.538333333333338,80.10333333333338,7.6783333333333355,1.24,110.43333333333334,1238.6666666666667
19.299999999999976,86.56333333333336,0.39999999999999963,0.7533333333333333,116.63333333333334,0.0
19.299999999999976,86.85000000000004,0.39999999999999963,0.4349999999999999,125.73333333333333,0.0
18.86666666666665,87.60000000000004,0.7000000000000004,0.8483333333333332,204.98333333333332,0.0
18.79999999999998,87.60000000000004,34.05500000000001,1.0133333333333334,172.11666666666667,9681.25
19.451666666666647,87.60000000000004,106.58833333333332,0.7033333333333334,168.38333333333333,39455.0
21.323333333333334,87.60000000000004,247.86833333333337,0.7116666666666659,135.46666666666667,91162.58333333333
23.055,72.625,412.425,0.39999999999999963,155.91666666666666,136020.66666666666
25.20833333333335,57.586666666666616,493.50000000000006,0.39999999999999963,123.25,139325.75
24.93333333333335,56.455000000000055,209.34999999999997,0.39999999999999963,99.21666666666667,77158.0
24.98833333333334,58.779999999999944,377.88000000000017,0.5866666666666666,75.96666666666667,142068.25
26.38333333333335,54.11333333333332,751.8833333333333,1.1300000000000001,156.9,192071.33333333334
26.751666666666686,49.993333333333304,662.9433333333332,1.311666666666666,217.86666666666667,177065.75
26.645000000000017,48.64833333333331,406.6700000000002,1.3566666666666665,191.86666666666667,105020.58333333333
24.99833333333334,54.4383333333333,117.86999999999999,1.316666666666667,165.83333333333334,24920.416666666668
24.070000000000007,60.245,54.371666666666655,1.1433333333333333,154.61666666666667,7448.75
22.733333333333334,65.75166666666665,0.24999999999999967,1.2433333333333336,84.2,0.0
22.083333333333332,68.4,0.09999999999999991,1.0933333333333335,77.63333333333334,0.0
18.89999999999999,81.86000000000004,0.4216666666666666,0.798333333333334,192.25,22.083333333333332
18.89999999999999,82.23333333333335,26.78833333333334,0.798333333333333,192.35,13295.25
19.591666666666647,78.82999999999998,148.5033333333333,0.40333333333333343,194.31666666666666,69064.16666666667
21.600000000000005,74.20166666666664,386.33333333333337,1.5950000000000002,186.53333333333333,111307.75
23.735000000000014,66.65666666666662,529.7583333333333,1.0216666666666667,182.21666666666667,174881.25
25.814999999999976,57.44166666666669,641.2133333333334,0.5966666666666669,179.45,196693.0
26.59166666666669,52.25,661.0583333333332,1.2750000000000001,245.36666666666667,198065.16666666666
27.67833333333334,48.254999999999974,635.703333333333,1.055,259.2,200460.5
28.521666666666672,45.48833333333333,622.8833333333333,0.9749999999999999,255.3,131076.83333333334
28.86499999999997,48.20500000000005,551.6650000000001,1.2566666666666668,144.46666666666667,145016.91666666666
28.083333333333318,51.973333333333386,411.00833333333355,1.721666666666667,180.06666666666666,119126.33333333333
27.183333333333362,53.57666666666668,244.02333333333337,1.683333333333333,202.98333333333332,46555.333333333336
25.679999999999968,58.49166666666664,55.02666666666667,2.01,214.0,6748.25
24.374999999999975,65.07833333333339,0.7000000000000004,2.0899999999999994,220.36666666666667,0.0
23.99166666666664,67.78333333333333,0.7000000000000004,2.6833333333333327,256.95,0.0
21.799999999999976,73.18333333333331,0.7833333333333337,0.3899999999999999,268.78333333333336,0.0
21.841666666666644,71.61666666666662,30.743333333333332,0.38833333333333325,295.65,9510.833333333334
22.70999999999998,68.04500000000007,122.53999999999998,0.5950000000000002,298.5,45127.75
24.924999999999976,62.671666666666624,394.48166666666685,0.7033333333333334,259.3666666666667,141651.5
26.048333333333325,59.0,583.4683333333334,0.5933333333333334,239.01666666666668,172038.91666666666
27.654999999999998,56.06166666666665,735.4583333333334,0.7833333333333335,153.96666666666667,206771.0
29.04499999999999,52.33666666666669,814.975,0.8716666666666666,158.55,209357.5
30.48333333333335,49.52000000000002,810.4366666666666,1.1783333333333332,161.55,213075.75
30.236666666666686,51.449999999999946,725.825,1.5966666666666671,185.68333333333334,195424.5
29.394999999999975,55.906666666666716,607.9666666666667,2.0216666666666674,176.81666666666666,164163.83333333334
28.598333333333358,57.74333333333337,426.32500000000016,2.1433333333333335,180.0,109231.08333333333
27.126666666666672,61.669999999999995,135.96999999999994,2.0716666666666663,183.71666666666667,31592.0
26.083333333333332,67.32333333333332,14.676666666666666,1.6733333333333333,175.8,3086.0833333333335
25.758333333333333,69.46666666666667,0.7999999999999993,1.8500000000000008,188.31666666666666,0.0
25.5,70.22,0.7999999999999993,1.5183333333333333,216.06666666666666,0.0
22.799999999999976,77.67999999999991,0.7999999999999993,0.27833333333333327,121.96666666666667,0.0
22.799999999999976,74.6433333333333,23.650000000000002,1.1266666666666665,255.61666666666667,5713.666666666667
23.29,73.89499999999995,76.97833333333332,1.1966666666666668,253.61666666666667,24258.833333333332
25.171666666666667,67.38333333333334,377.42166666666685,1.2216666666666667,261.3333333333333,121584.25
27.15166666666669,61.08833333333335,534.5583333333335,0.8783333333333333,220.85,168676.83333333334
28.633333333333336,55.33,660.3966666666668,1.1266666666666667,212.15,191117.75
29.15499999999999,53.63500000000002,591.8833333333331,1.4116666666666664,194.98333333333332,147317.83333333334
28.524999999999984,56.429999999999964,467.6883333333335,1.788333333333333,156.1,134172.33333333334
28.656666666666652,56.85833333333334,601.19,2.0766666666666667,155.1,160393.66666666666
28.66666666666666,54.37666666666667,495.435,1.955000000000001,181.0,131372.58333333334
27.576666666666664,56.82333333333335,307.26833333333343,1.9433333333333325,184.95,86279.66666666667
26.366666666666692,60.87333333333337,55.76333333333333,1.85,216.3,14323.083333333334
25.700000000000028,65.04666666666661,3.009999999999995,2.2149999999999994,229.63333333333333,477.4166666666667
25.65833333333336,66.15499999999997,0.7000000000000004,2.015,222.76666666666668,0.0
25.200000000000028,67.78999999999996,0.7000000000000004,1.4216666666666669,220.55,0.0
21.59999999999999,75.51666666666664,1.4499999999999995,0.0,285.15,72.41666666666667
21.59999999999999,79.11666666666666,34.30499999999999,0.35666666666666663,198.98333333333332,10599.75
21.95500000000002,79.28000000000007,155.28499999999997,1.1166666666666665,187.78333333333333,56645.333333333336
23.708333333333307,73.42333333333336,397.43666666666667,1.6733333333333327,198.5,128437.41666666667
24.498333333333356,67.26666666666665,386.06500000000017,2.043333333333334,203.8,121204.08333333333
26.00500000000001,54.748333333333335,723.2916666666666,1.6500000000000001,201.78333333333333,209156.33333333334
27.294999999999995,55.74166666666663,718.7633333333334,1.379999999999999,193.55,207800.5
28.304999999999982,52.42499999999995,651.525,1.0416666666666667,175.91666666666666,207657.33333333334
28.95000000000003,54.35500000000007,732.7349999999999,1.5633333333333335,141.31666666666666,176657.33333333334
27.695000000000004,55.8266666666666,315.7283333333333,1.6400000000000008,77.88333333333334,79302.83333333333
26.575,58.08,180.12166666666675,2.144999999999999,69.46666666666667,61365.916666666664
25.9,59.19000000000007,175.35666666666674,2.175000000000001,75.66666666666667,36596.416666666664
24.63666666666669,62.14666666666665,35.076666666666625,1.8733333333333326,82.81666666666666,5988.666666666667
23.600000000000016,67.42166666666672,0.1216666666666665,1.2999999999999998,80.76666666666667,0.0
23.23333333333335,69.63333333333338,0.09999999999999991,1.176666666666666,81.53333333333333,0.0
21.40000000000001,73.0,0.09999999999999991,0.88,171.21666666666667,0.0
21.40000000000001,73.93333333333334,36.39666666666666,0.9166666666666669,190.2,10592.083333333334
21.40000000000001,73.6316666666667,72.47000000000001,0.8883333333333336,188.16666666666666,22138.75
22.423333333333336,71.12166666666663,183.2583333333334,0.92,168.8,56294.5
24.838333333333306,62.518333333333274,383.30500000000006,1.2900000000000003,91.26666666666667,124053.16666666667
24.68666666666665,62.575000000000024,381.12833333333333,1.684999999999999,78.1,114423.25
25.323333333333306,58.18166666666664,218.29666666666674,1.6949999999999994,76.95,67704.83333333333
24.38499999999999,61.43666666666668,255.37500000000003,2.1950000000000007,75.6,89664.08333333333
26.741666666666667,50.99833333333331,664.4300000000001,1.7583333333333329,93.1,173944.83333333334
26.84666666666668,47.20000000000003,444.79,1.6433333333333338,125.48333333333333,155867.25
26.038333333333313,43.5083333333333,375.2783333333336,2.081666666666667,89.53333333333333,86543.41666666667
25.533333333333307,43.02333333333333,240.72333333333336,1.9483333333333328,93.48333333333333,47915.166666666664
24.151666666666646,48.39999999999996,42.49166666666667,2.1483333333333334,77.83333333333333,5936.0
22.958333333333357,50.19999999999996,0.899999999999999,1.315000000000001,78.43333333333334,0.0
22.700000000000024,52.61666666666672,0.899999999999999,1.2299999999999998,88.48333333333333,0.0
19.34166666666669,74.51666666666664,0.9849999999999991,0.6649999999999999,213.26666666666668,3.0833333333333335
19.275000000000023,75.49166666666665,25.276666666666664,0.6550000000000001,198.23333333333332,14820.75
20.26833333333335,72.76333333333329,167.02333333333337,0.8683333333333328,192.43333333333334,68553.91666666667
23.43833333333333,62.26999999999999,383.38000000000017,0.8166666666666669,121.31666666666666,127553.41666666667
25.11333333333335,51.41000000000005,400.6733333333333,1.7733333333333339,100.28333333333333,135307.75
25.55166666666668,50.54166666666669,481.55000000000007,1.4683333333333333,130.83333333333334,143747.25
26.76833333333332,47.27500000000001,770.9050000000002,1.5483333333333331,154.85,222151.75
27.251666666666683,44.821666666666616,775.1149999999999,1.5750000000000002,134.4,215172.25
27.23999999999999,44.905000000000015,759.3349999999998,1.7050000000000003,197.76666666666668,213052.75
27.26166666666667,44.88333333333336,641.5833333333334,1.7150000000000007,151.0,172115.83333333334
26.508333333333333,45.93999999999996,418.9616666666669,1.601666666666667,182.91666666666666,104744.75
25.598333333333343,48.08666666666661,222.18,1.6566666666666667,185.08333333333334,41467.0
24.17999999999997,51.0566666666667,33.51333333333332,1.4900000000000004,175.81666666666666,4677.25
23.033333333333307,54.6266666666666,0.0,1.1516666666666668,165.05,0.0
22.424999999999976,57.349999999999945,0.0,1.0566666666666666,69.91666666666667,0.0
19.200000000000024,74.41666666666659,0.21999999999999995,1.0850000000000002,183.38333333333333,0.0
19.200000000000024,74.17500000000008,36.78333333333334,0.723333333333333,195.66666666666666,12297.25
20.049999999999994,69.97666666666669,196.14666666666662,1.0583333333333331,182.08333333333334,63974.833333333336
20.700000000000024,68.35666666666658,185.21333333333334,1.3566666666666676,185.25,51457.333333333336
21.664999999999978,67.27333333333337,172.2100000000001,0.9150000000000004,217.63333333333333,49812.333333333336
23.570000000000018,60.976666666666695,388.6233333333335,0.9883333333333332,164.5,106533.41666666667
25.158333333333353,50.79166666666674,405.3333333333336,1.616666666666667,138.2,131385.83333333334
26.745,45.296666666666695,824.1666666666666,1.5799999999999992,132.25,218296.41666666666
26.094999999999978,45.17166666666667,536.6550000000001,1.6116666666666668,144.8,146190.75
26.02499999999999,45.50999999999998,464.4033333333333,1.521666666666667,100.33333333333333,126804.58333333333
24.466666666666693,50.21500000000001,153.44166666666675,1.7383333333333326,146.08333333333334,44343.333333333336
24.423333333333307,50.268333333333345,157.18500000000003,1.3283333333333331,143.91666666666666,40017.75
23.383333333333308,54.39999999999994,28.05333333333334,1.2183333333333335,134.05,6685.583333333333
22.799999999999976,56.52999999999998,0.3000000000000004,1.0850000000000002,74.01666666666667,0.0
22.324999999999978,56.28333333333333,0.3000000000000004,0.7583333333333331,76.63333333333334,0.0
18.88333333333331,71.36666666666662,0.32166666666666704,0.6233333333333337,175.76666666666668,0.0
18.79999999999998,72.36666666666663,22.918333333333344,1.1299999999999994,192.6,6013.25
19.266666666666644,71.10666666666664,109.345,1.0616666666666665,177.68333333333334,30941.833333333332
20.210000000000004,69.3533333333333,161.83500000000006,1.1066666666666667,196.75,48422.916666666664
20.65833333333334,69.3083333333334,98.88666666666671,0.6883333333333332,183.16666666666666,29653.166666666668
21.52500000000001,69.11499999999997,157.61333333333334,0.7999999999999999,165.91666666666666,49599.666666666664
22.619999999999987,64.46833333333335,322.6766666666666,1.005,113.8,97278.58333333333
24.13,58.8833333333333,405.4616666666669,1.6250000000000002,94.03333333333333,127786.66666666667
23.790000000000013,56.02500000000004,325.23166666666674,1.396666666666667,75.18333333333334,98246.16666666667
24.14000000000001,55.11666666666661,284.89333333333343,1.3300000000000003,83.85,87056.16666666667
23.566666666666652,56.08833333333337,144.06,1.258333333333333,101.26666666666667,43951.833333333336
20.53166666666669,71.32833333333342,34.498333333333335,1.1016666666666668,121.53333333333333,11281.083333333334
20.200000000000024,70.95999999999997,13.526666666666664,0.6066666666666669,123.25,3275.8333333333335
20.200000000000024,71.07500000000003,0.19999999999999982,0.9166666666666666,117.81666666666666,0.0
20.200000000000024,72.06833333333337,0.19999999999999982,1.1366666666666665,127.65,0.0
18.10000000000001,80.69333333333337,0.19999999999999982,0.5133333333333332,172.13333333333333,0.0
18.02500000000001,82.32166666666659,0.3649999999999999,1.7483333333333335,75.71666666666667,0.0
17.600000000000012,85.78166666666677,11.748333333333331,1.9650000000000012,167.86666666666667,3426.0
17.600000000000012,85.8000000000001,58.124999999999986,1.2683333333333333,193.91666666666666,16380.916666666666
17.658333333333346,85.7083333333334,78.37500000000003,1.0983333333333334,193.48333333333332,22337.833333333332
18.10000000000001,85.52499999999993,107.7483333333333,1.4883333333333335,180.65,31835.666666666668
19.01166666666667,84.61666666666676,231.9716666666668,1.3366666666666667,185.66666666666666,68651.91666666667
20.36666666666667,83.38333333333343,312.76833333333354,1.3333333333333328,189.95,93588.08333333333
21.976666666666667,77.04000000000002,263.33333333333354,0.66,134.88333333333333,79685.91666666667
23.0,62.234999999999985,214.16166666666675,0.8433333333333335,77.75,64032.75
23.0,64.19833333333335,170.45166666666677,1.0750000000000002,82.03333333333333,50792.416666666664
22.808333333333334,64.45000000000007,111.63500000000003,1.8849999999999987,79.01666666666667,31104.833333333332
22.133333333333333,64.195,23.548333333333314,1.396666666666666,81.96666666666667,5225.25
21.5,64.85,0.0,0.9233333333333337,110.85,0.0
21.0,68.89999999999996,0.0,1.1483333333333337,134.56666666666666,0.0
18.39999999999999,82.21666666666668,0.016666666666666666,0.8516666666666666,194.05,0.0
17.95833333333332,81.87999999999995,16.733333333333338,1.3466666666666667,189.93333333333334,4153.0
18.49166666666666,79.69166666666665,133.43333333333334,0.8716666666666667,189.41666666666666,38128.666666666664
20.48166666666666,75.04499999999999,345.0200000000002,1.12,176.38333333333333,115857.08333333333
23.19333333333333,68.33000000000003,532.3100000000001,0.9866666666666667,149.51666666666668,150523.16666666666
25.074999999999992,58.30833333333329,391.1666666666667,2.028333333333333,90.9,104644.58333333333
24.03999999999997,61.32333333333335,304.3200000000001,1.265,81.58333333333333,95634.58333333333
24.64666666666667,60.27500000000004,291.41166666666675,2.158333333333333,72.7,89182.33333333333
22.27833333333336,72.25166666666662,204.85833333333343,1.8800000000000003,110.76666666666667,75095.75
22.066666666666688,72.4783333333333,192.04333333333332,0.7733333333333335,93.95,64321.666666666664
21.066666666666688,77.99500000000005,117.27666666666669,0.9599999999999999,112.58333333333333,39590.833333333336
21.350000000000023,79.19666666666663,47.27833333333336,1.405,123.38333333333334,14791.25
20.933333333333355,83.12166666666666,8.156666666666665,0.87,132.33333333333334,1666.0
20.700000000000024,85.89999999999996,0.5,0.7683333333333333,138.35,0.0
20.225000000000023,85.89999999999996,0.5,1.2366666666666661,142.78333333333333,0.0
19.700000000000024,87.89999999999996,0.9866666666666666,0.8216666666666665,171.6,0.0
19.700000000000024,87.89999999999996,26.45666666666666,0.87,160.01666666666668,6730.916666666667
19.816666666666688,87.89999999999996,120.46000000000004,1.3416666666666663,171.95,32652.916666666668
21.311666666666657,87.86333333333332,338.77666666666676,0.8716666666666667,182.83333333333334,99524.75
23.395000000000017,87.23333333333333,327.6400000000001,0.4850000000000003,172.81666666666666,104050.41666666667
24.31666666666664,86.5933333333334,311.05333333333346,1.1433333333333333,76.13333333333334,94674.33333333333
25.67333333333331,83.645,500.31833333333344,2.343333333333333,105.23333333333333,147979.08333333334
26.803333333333327,57.83833333333333,810.0216666666668,2.088333333333333,138.06666666666666,233227.25
27.161666666666644,53.87666666666665,717.1616666666666,2.106666666666667,130.93333333333334,198459.16666666666
25.68333333333334,58.99999999999995,330.79166666666663,2.0616666666666665,100.71666666666667,101362.5
25.138333333333314,59.02833333333337,293.1733333333334,2.1649999999999996,97.08333333333333,79583.5
24.749999999999996,59.38499999999998,126.03500000000004,1.921666666666667,112.3,30739.75
23.6,63.33833333333327,7.988333333333325,1.5166666666666662,94.45,1723.0
22.658333333333335,66.98333333333328,0.899999999999999,0.9033333333333329,68.23333333333333,0.0
22.5,68.38000000000008,0.899999999999999,1.0000000000000002,64.25,0.0
19.58333333333333,81.72500000000005,0.899999999999999,1.1550000000000002,202.9,0.0
19.549999999999997,80.18333333333342,39.08833333333335,0.8316666666666669,192.73333333333332,9327.833333333334
19.941666666666666,79.50166666666675,98.92833333333336,1.131666666666667,179.81666666666666,26084.083333333332
20.821666666666662,77.905,235.88833333333343,1.0866666666666664,186.05,63711.333333333336
23.190000000000012,70.85999999999997,527.0300000000001,0.7233333333333333,173.31666666666666,148924.25
25.24833333333337,63.30166666666672,576.7149999999999,0.6716666666666669,178.21666666666667,136310.33333333334
26.55833333333334,57.25499999999997,589.505,0.8099999999999997,118.78333333333333,168844.16666666666
27.11333333333335,52.63000000000001,504.4183333333333,1.1633333333333338,153.51666666666668,139655.58333333334
25.766666666666694,58.7116666666667,256.26666666666677,1.0483333333333331,206.16666666666666,83989.5
25.883333333333347,56.87833333333332,338.9216666666668,1.5016666666666665,208.51666666666668,97822.33333333333
26.42166666666665,55.07666666666665,300.3233333333333,1.28,172.85,84282.66666666667
24.708333333333314,60.86999999999996,61.429999999999986,1.2966666666666666,143.81666666666666,18028.416666666668
23.84166666666665,67.76,4.501666666666673,0.905,142.35,790.8333333333334
23.599999999999984,69.7,0.3000000000000004,0.6783333333333333,165.9,0.0
23.599999999999984,69.82333333333332,0.3000000000000004,0.7466666666666666,146.21666666666667,0.0
20.599999999999998,78.66500000000002,0.3000000000000004,0.2983333333333334,222.5,0.0
20.141666666666666,79.37999999999998,18.555,0.20166666666666672,231.5,4603.833333333333
20.483333333333334,77.06666666666666,75.99000000000001,0.0,166.56666666666666,21779.75
21.420000000000027,75.27000000000002,157.4583333333334,0.17666666666666667,238.88333333333333,49585.416666666664
22.994999999999994,71.64500000000001,493.43333333333334,1.75,235.33333333333334,158564.33333333334
24.535,62.11666666666671,609.5233333333332,2.42,246.6,170627.5
24.923333333333343,59.228333333333325,776.9783333333332,3.3966666666666674,237.88333333333333,202273.83333333334
25.299999999999972,55.700000000000024,759.0333333333333,3.723333333333335,243.63333333333333,205985.58333333334
25.53000000000001,52.838333333333345,636.425,3.608333333333334,247.33333333333334,180113.16666666666
25.938333333333357,49.97333333333329,615.8666666666664,3.5350000000000006,250.15,166471.91666666666
25.61999999999998,49.548333333333325,377.1266666666669,3.1350000000000002,234.88333333333333,92679.33333333333
25.539999999999985,50.12000000000003,197.3433333333334,3.3150000000000004,239.31666666666666,35539.916666666664
24.5,50.974999999999945,22.030000000000012,2.4466666666666677,236.35,2661.5833333333335
23.583333333333332,53.666666666666615,0.0,2.0633333333333335,244.8,0.0
23.3,55.099999999999945,0.0,2.2883333333333327,248.05,0.0
17.108333333333313,76.03166666666668,0.105,1.1750000000000003,192.0,0.0
16.79999999999998,77.13499999999995,8.893333333333343,0.9983333333333335,192.0,13967.416666666666
17.97666666666665,73.6116666666667,174.82000000000008,1.0433333333333334,192.0,70803.91666666667
20.166666666666668,66.41166666666659,296.41000000000014,1.4099999999999997,192.0,104836.08333333333
21.98499999999998,59.54333333333333,528.1616666666666,1.3350000000000006,192.0,171352.5
24.33666666666668,49.72333333333334,649.4916666666667,0.7633333333333334,192.0,192879.83333333334
26.473333333333347,41.078333333333354,741.0966666666665,0.7733333333333331,192.0,203811.41666666666
27.291666666666654,39.05333333333336,673.9366666666667,0.698333333333333,192.0,185999.91666666666
28.69833333333332,34.178333333333335,716.075,0.7033333333333331,192.0,186187.66666666666
29.028333333333343,36.77333333333334,565.6883333333333,1.41,192.0,148745.25
27.295000000000027,43.62333333333336,313.90000000000003,1.5316666666666663,192.0,78922.0
26.02,51.00333333333335,159.3666666666667,1.418333333333333,192.0,31362.0
24.333333333333332,59.79666666666673,27.664999999999996,1.5750000000000013,192.0,4914.75
23.933333333333334,63.725000000000016,0.5,2.248333333333334,192.0,0.0
23.5,67.44333333333329,0.5,2.2366666666666664,192.0,0.0
22.0,67.29166666666669,0.5216666666666667,0.6266666666666668,167.13333333333333,0.0
22.008333333333333,69.81500000000001,39.01833333333334,0.4899999999999999,134.31666666666666,17204.916666666668
22.7,66.06833333333338,167.74333333333337,0.4799999999999999,187.4,57543.75
25.378333333333334,56.07333333333339,397.98000000000013,0.906666666666667,260.6166666666667,131216.66666666666
25.55666666666664,55.37333333333332,367.5166666666668,1.6516666666666668,266.78333333333336,111913.83333333333
25.018333333333352,55.300000000000026,385.48500000000024,2.9050000000000002,240.66666666666666,117863.75
24.18333333333336,59.91500000000003,204.98833333333334,2.0066666666666677,249.73333333333332,69962.58333333333
23.083333333333357,66.23666666666666,228.7400000000001,1.0483333333333336,190.85,76039.66666666667
24.68166666666666,58.3333333333333,488.45000000000005,0.843333333333333,260.18333333333334,143446.16666666666
26.486666666666675,50.80499999999998,463.01166666666694,0.9133333333333334,272.71666666666664,137384.0
26.22166666666667,53.11999999999997,348.72666666666686,1.7566666666666668,252.58333333333334,81439.08333333333
26.046666666666695,54.519999999999946,182.2566666666667,1.4783333333333333,254.78333333333333,33892.833333333336
25.52333333333335,56.47000000000004,32.97666666666665,0.8083333333333335,271.1666666666667,5605.5
23.934999999999995,60.901666666666635,0.7000000000000004,0.39166666666666666,294.78333333333336,0.0
22.996666666666677,61.81000000000003,0.7000000000000004,0.9650000000000001,231.88333333333333,0.0
16.275000000000016,39.78500000000003,0.7000000000000004,1.3083333333333333,238.26666666666668,0.0
16.100000000000016,38.35833333333331,16.401666666666667,1.8283333333333334,226.1,8288.083333333334
16.23333333333335,37.93833333333335,201.6750000000001,2.08,212.76666666666668,82940.33333333333
17.52333333333335,36.64833333333331,417.8000000000002,3.7116666666666682,211.65,154087.66666666666
18.571666666666662,33.401666666666664,611.6083333333333,4.016666666666667,214.23333333333332,201544.0
19.904999999999973,31.161666666666665,762.1083333333333,3.7883333333333327,216.75,227748.91666666666
21.008333333333326,29.31833333333335,823.0666666666667,3.038333333333334,236.43333333333334,231237.33333333334
22.14499999999999,29.65166666666665,838.9166666666666,3.338333333333333,235.06666666666666,225694.75
23.318333333333346,27.806666666666697,760.7,3.2950000000000013,244.3,203322.75
23.743333333333336,27.575,616.5666666666667,3.564999999999999,256.68333333333334,164052.41666666666
24.054999999999986,27.57999999999999,422.3766666666669,3.196666666666667,255.41666666666666,99124.83333333333
24.066666666666652,28.746666666666634,206.35500000000005,2.486666666666667,245.86666666666667,33075.333333333336
22.830000000000002,31.11666666666669,28.776666666666696,1.788333333333334,270.15,2854.1666666666665
21.35833333333334,33.91166666666664,0.7000000000000004,1.3733333333333337,264.51666666666665,0.0
20.25,37.875,0.7000000000000004,1.8233333333333335,229.76666666666668,0.0
13.500000000000012,66.66333333333333,1.2483333333333329,1.4450000000000003,170.13333333333333,25.75
13.24166666666668,67.59500000000004,20.951666666666654,1.6216666666666666,194.48333333333332,17726.166666666668
14.860000000000012,61.493333333333354,188.62333333333342,1.4016666666666664,213.26666666666668,80783.66666666667
16.999999999999982,54.36999999999999,386.0283333333335,2.2849999999999997,208.88333333333333,144708.66666666666
18.783333333333324,49.508333333333375,576.5966666666667,1.976666666666667,204.1,189080.08333333334
20.203333333333322,45.95166666666665,723.2916666666666,1.665,193.0,212977.33333333334
21.943333333333328,42.96333333333329,802.8416666666667,1.3950000000000002,178.76666666666668,219999.25
23.085,38.98166666666667,801.1833333333333,1.1566666666666665,188.6,212004.0
23.983333333333324,34.92833333333333,718.9083333333333,0.9666666666666667,201.6,188996.5
25.355,32.24833333333334,581.5933333333335,0.5916666666666668,148.58333333333334,152814.58333333334
25.020000000000003,36.72166666666668,395.63333333333355,1.0666666666666667,164.81666666666666,92532.33333333333
23.64166666666669,42.973333333333365,184.70833333333343,1.8116666666666672,96.43333333333334,31087.75
22.05833333333334,47.52666666666663,29.724999999999998,1.475,83.81666666666666,3644.8333333333335
20.750000000000004,52.138333333333385,0.899999999999999,0.8083333333333332,106.4,0.0
20.2,54.85,0.899999999999999,0.6816666666666668,83.48333333333333,0.0
15.799999999999983,71.06666666666666,0.899999999999999,1.4599999999999995,204.2,0.0
15.558333333333316,73.53333333333325,17.826666666666668,1.4200000000000004,191.31666666666666,12645.583333333334
16.43833333333332,67.07333333333334,169.2466666666667,1.8133333333333337,184.83333333333334,70621.0
18.349999999999987,59.30666666666669,367.2066666666669,2.1316666666666664,186.98333333333332,132862.0
20.300000000000026,52.928333333333285,557.2583333333333,1.6583333333333334,171.6,179694.83333333334
21.54666666666665,49.499999999999936,697.9833333333333,1.5516666666666665,177.73333333333332,205790.75
22.76499999999999,46.0583333333333,772.2,1.4549999999999998,179.53333333333333,214367.91666666666
24.36500000000001,41.49333333333334,678.0516666666667,1.0366666666666666,163.71666666666667,190836.5
24.778333333333308,39.8066666666667,579.715,0.9366666666666663,122.7,157774.83333333334
24.705000000000002,40.19333333333332,314.76833333333326,1.0683333333333331,93.58333333333333,86049.75
23.791666666666668,43.54833333333333,159.47333333333341,1.2716666666666672,82.75,47472.916666666664
22.485000000000014,49.72499999999993,87.82333333333332,1.8333333333333335,83.61666666666666,24431.583333333332
21.341666666666676,53.28166666666674,8.506666666666657,0.8383333333333336,117.11666666666666,1746.0833333333333
20.56666666666667,56.56666666666667,0.899999999999999,0.5800000000000002,127.81666666666666,0.0
19.925,59.591666666666626,0.899999999999999,0.5266666666666666,178.08333333333334,0.0
18.29999999999998,61.82999999999999,0.899999999999999,2.1433333333333326,177.93333333333334,0.0
18.29999999999998,62.59999999999994,20.625000000000004,2.1283333333333325,179.03333333333333,6241.916666666667
18.29999999999998,62.59999999999994,102.59166666666668,2.381666666666667,173.9,33542.333333333336
18.82499999999998,61.76833333333329,211.23500000000013,2.341666666666667,179.51666666666668,68914.58333333333
20.44499999999999,58.699999999999974,491.61500000000007,2.248333333333332,178.45,140133.75
22.03666666666668,55.453333333333276,544.3466666666668,2.121666666666667,159.25,164737.5
23.686666666666678,51.43000000000004,644.0366666666666,2.0366666666666666,128.66666666666666,189079.0
24.239999999999977,49.66000000000004,564.2483333333334,1.743333333333333,111.58333333333333,153351.08333333334
24.378333333333323,49.383333333333304,390.98000000000013,2.01,81.55,128376.66666666667
24.05333333333336,50.584999999999994,388.8783333333334,1.4549999999999996,96.61666666666666,119476.33333333333
24.235000000000007,49.36666666666674,283.2533333333332,1.5916666666666666,97.85,67205.08333333333
23.29166666666669,51.683333333333266,121.1083333333333,1.3433333333333335,98.61666666666666,22670.0
22.11666666666669,53.94166666666671,5.790000000000006,0.9166666666666667,84.63333333333334,1375.5833333333333
21.25000000000002,58.07833333333333,0.3000000000000004,0.8350000000000002,100.08333333333333,0.0
20.64166666666669,58.86666666666667,0.3000000000000004,0.8183333333333335,111.75,0.0
16.100000000000016,76.40000000000002,0.32000000000000034,1.3650000000000004,191.53333333333333,0.0
16.100000000000016,76.40000000000002,17.786666666666665,1.5866666666666667,202.03333333333333,10843.166666666666
16.720000000000017,73.96000000000004,168.6483333333334,1.9833333333333327,210.58333333333334,63815.083333333336
18.641666666666687,67.8333333333334,364.7050000000002,1.915,197.66666666666666,130420.91666666667
20.228333333333307,63.91333333333331,552.7116666666666,1.93,200.03333333333333,178655.0
22.123333333333324,58.073333333333366,690.3083333333333,1.3883333333333334,198.65,204194.16666666666
23.761666666666667,52.29833333333329,779.8333333333334,1.3366666666666664,185.71666666666667,208995.75
24.608333333333317,47.69500000000002,790.2583333333333,1.4433333333333331,200.63333333333333,213209.41666666666
25.83333333333335,41.70333333333334,670.5300000000001,1.1333333333333333,184.85,176893.16666666666
25.52500000000002,40.70833333333337,344.2300000000001,1.083333333333333,175.85,94093.75
24.498333333333328,50.14000000000005,180.58166666666665,1.2033333333333331,187.33333333333334,43349.666666666664
23.758333333333358,52.45,123.40166666666666,1.4599999999999993,147.01666666666668,30047.583333333332
22.483333333333345,57.540000000000056,13.939999999999975,1.3316666666666663,110.55,2786.6666666666665
21.73333333333334,60.28000000000002,0.3000000000000004,0.8483333333333334,111.53333333333333,0.0
21.050000000000004,62.833333333333336,0.3000000000000004,0.5766666666666665,132.75,0.0
17.408333333333314,79.73333333333333,0.3000000000000004,1.5350000000000001,187.71666666666667,0.0
17.29999999999998,80.03333333333343,17.401666666666667,1.2816666666666665,200.45,8747.5
18.134999999999984,76.8133333333333,188.395,1.4566666666666668,194.23333333333332,64837.166666666664
19.816666666666666,68.18333333333341,351.05166666666685,1.5100000000000002,173.33333333333334,124315.66666666667
21.73500000000003,59.104999999999954,534.0683333333334,1.776666666666667,163.96666666666667,175693.25
23.523333333333344,51.46500000000002,635.5316666666666,1.81,142.5,157098.83333333334
24.044999999999973,48.23999999999997,579.08,1.303333333333333,134.43333333333334,135138.25
24.21833333333332,47.33166666666666,360.3516666666667,1.301666666666667,121.1,113563.16666666667
24.598333333333326,46.06833333333339,448.0883333333333,1.6200000000000003,84.38333333333334,140705.91666666666
24.311666666666678,48.44833333333335,315.75500000000005,1.6033333333333333,90.05,113436.16666666667
23.916666666666668,50.32499999999996,263.4633333333334,1.7,91.95,60080.833333333336
22.95,53.771666666666675,131.465,1.703333333333333,80.28333333333333,27264.416666666668
22.2,56.26666666666669,11.60666666666668,1.9066666666666663,81.36666666666666,1988.6666666666667
21.166666666666668,62.92666666666666,0.19999999999999982,1.8566666666666665,94.68333333333334,0.0
20.430000000000003,63.833333333333336,0.19999999999999982,1.3383333333333336,92.23333333333333,0.0
15.600000000000014,76.38333333333341,0.23666666666666653,1.3233333333333333,192.7,0.0
15.250000000000016,76.96000000000008,20.058333333333337,1.3450000000000004,188.11666666666667,9479.0
16.471666666666646,72.29166666666667,156.91166666666672,1.5533333333333335,195.68333333333334,57240.416666666664
18.33833333333332,65.59000000000005,346.12666666666684,1.8049999999999997,202.66666666666666,119486.08333333333
20.631666666666685,59.76833333333333,527.1366666666667,1.3599999999999994,197.21666666666667,171753.16666666666
23.03166666666667,51.13666666666666,589.37,1.3550000000000004,110.76666666666667,167791.16666666666
24.42833333333336,46.303333333333335,582.0233333333333,1.3333333333333333,105.2,164508.33333333334
23.69333333333331,46.380000000000045,275.7483333333334,1.0433333333333334,92.9,86616.91666666667
24.635000000000026,44.293333333333386,387.9483333333335,0.7400000000000002,121.91666666666667,108005.83333333333
24.526666666666692,44.45499999999997,400.7766666666668,1.2333333333333336,96.71666666666667,114292.58333333333
24.245000000000015,46.80333333333335,298.6183333333334,1.7883333333333333,77.95,75991.5
23.200000000000024,49.01000000000004,136.8583333333334,1.6733333333333331,73.28333333333333,25850.5
22.150000000000023,55.40333333333334,14.38833333333331,1.3383333333333332,69.1,2279.3333333333335
21.358333333333356,60.38499999999995,0.7999999999999993,0.9366666666666668,65.91666666666667,0.0
20.758333333333358,61.69999999999994,0.7999999999999993,0.3933333333333334,56.93333333333333,0.0
16.850000000000016,77.85999999999996,0.7999999999999993,0.9966666666666673,184.01666666666668,0.0
16.600000000000016,78.24999999999997,19.84333333333333,1.06,207.43333333333334,5511.583333333333
17.213333333333352,74.96166666666666,162.27833333333334,1.4733333333333334,186.43333333333334,51299.166666666664
18.984999999999992,70.7816666666666,344.1083333333335,1.3883333333333328,191.73333333333332,111286.5
21.31833333333335,64.13833333333335,413.9466666666668,1.2683333333333333,187.36666666666667,125043.58333333333
22.851666666666656,56.35833333333333,349.93500000000006,0.865,114.8,115409.83333333333
23.250000000000014,54.793333333333365,290.45166666666677,0.6683333333333333,140.91666666666666,77766.41666666667
24.816666666666666,50.31666666666665,491.6466666666667,0.8783333333333336,133.48333333333332,130036.58333333333
23.183333333333348,55.68500000000003,188.095,1.13,153.08333333333334,53730.416666666664
23.751666666666647,54.26833333333331,369.7266666666668,1.336666666666667,133.45,102842.0
23.933333333333305,51.56666666666672,219.9449999999999,1.0699999999999998,162.78333333333333,60705.75
23.433333333333305,51.96666666666669,132.6483333333334,1.0183333333333333,113.91666666666667,24706.25
22.35833333333331,52.9033333333333,20.758333333333344,1.0433333333333334,59.766666666666666,3182.6666666666665
21.399999999999977,54.74999999999995,0.7000000000000004,0.7416666666666668,61.333333333333336,0.0
20.616666666666642,56.875000000000014,0.7000000000000004,0.3049999999999999,60.7,0.0
16.100000000000016,79.4,0.7000000000000004,0.8550000000000001,183.28333333333333,0.0
15.675000000000015,79.4,18.444999999999997,0.8683333333333333,161.95,8022.5
16.516666666666683,77.28166666666677,127.69000000000004,1.4700000000000002,193.73333333333332,38528.666666666664
18.553333333333324,71.89166666666665,333.7183333333335,1.54,189.68333333333334,105932.0
20.765000000000008,65.98666666666665,518.4016666666666,1.4233333333333327,201.71666666666667,155491.66666666666
23.16999999999999,58.05833333333331,631.2899999999998,0.8750000000000002,165.41666666666666,187864.33333333334
24.536666666666658,51.141666666666666,542.6933333333333,0.6733333333333332,137.18333333333334,151583.91666666666
25.57166666666668,45.81000000000002,516.1416666666667,0.9216666666666665,165.35,155289.66666666666
25.97166666666666,44.658333333333374,535.6600000000001,1.075,140.1,149567.08333333334
26.246666666666677,42.78999999999998,431.25666666666683,1.0033333333333334,132.5,119747.08333333333
25.425000000000026,46.78166666666664,335.1666666666669,1.6633333333333333,121.76666666666667,80780.5
24.38333333333336,50.688333333333354,153.27833333333336,1.1466666666666667,139.28333333333333,23932.083333333332
22.651666666666653,55.973333333333315,13.020000000000014,0.9699999999999999,177.45,1465.8333333333333
21.708333333333325,59.75999999999992,0.7000000000000004,0.6483333333333332,101.2,0.0
20.93333333333333,61.58333333333342,0.7000000000000004,0.8366666666666662,64.3,0.0
16.5,78.58500000000008,0.7000000000000004,0.3966666666666665,203.06666666666666,0.0
16.241666666666667,79.64833333333333,18.973333333333333,0.9233333333333332,181.88333333333333,8682.5
16.880000000000006,78.46333333333334,129.5133333333334,1.5916666666666663,194.91666666666666,46827.75
18.933333333333337,71.88166666666667,333.3983333333335,1.1566666666666665,187.1,108915.91666666667
21.273333333333326,65.2866666666667,535.3783333333333,0.9866666666666669,189.71666666666667,165135.91666666666
24.23166666666665,55.25833333333334,449.8066666666667,0.7383333333333333,177.73333333333332,141259.83333333334
26.268333333333324,48.22000000000006,756.81,1.1449999999999998,176.5,204017.16666666666
26.459999999999976,47.52166666666666,743.0633333333334,1.615,185.55,191889.75
26.551666666666645,46.75999999999998,728.6566666666666,1.5866666666666671,175.55,187889.91666666666
25.956666666666692,47.871666666666705,550.5183333333334,2.11,102.2,153575.91666666666
25.280000000000022,49.9316666666666,353.5250000000002,1.8850000000000002,109.81666666666666,79733.25
23.691666666666677,53.12166666666664,94.57333333333335,1.7666666666666666,120.58333333333333,17256.333333333332
22.71666666666668,57.46333333333327,8.635000000000002,1.36,147.65,974.1666666666666
21.875000000000007,59.94333333333327,0.7000000000000004,1.0466666666666666,77.0,0.0
21.341666666666676,60.76666666666661,0.7000000000000004,0.5983333333333333,54.5,0.0
17.733333333333352,80.01666666666658,0.7000000000000004,0.5533333333333333,160.56666666666666,0.0
17.190000000000015,79.91999999999989,16.60833333333333,0.8183333333333336,186.13333333333333,6720.083333333333
17.100000000000016,81.90500000000003,120.37333333333336,1.4,192.7,43941.083333333336
18.20833333333334,80.08666666666667,261.5083333333334,1.4916666666666674,187.81666666666666,105515.41666666667
20.688333333333343,73.37666666666665,506.1133333333334,0.9116666666666668,189.41666666666666,173453.66666666666
24.216666666666693,59.54166666666667,581.5683333333332,0.7883333333333334,189.73333333333332,168366.41666666666
25.16833333333335,50.93333333333338,376.4250000000001,1.276666666666667,208.21666666666667,122746.75
25.351666666666656,52.31333333333337,431.99500000000006,1.6383333333333325,127.61666666666666,145990.5
25.516666666666648,51.93166666666669,383.8933333333334,1.5666666666666664,141.45,115439.0
25.35000000000002,53.58500000000005,383.2650000000002,1.9183333333333334,130.88333333333333,107519.0
24.92727272727274,54.09090909090907,249.2145454545454,1.845454545454545,205.98181818181817,69697.41666666667
24.179999999999975,57.933333333333344,138.91833333333327,1.9100000000000004,205.61666666666667,30346.833333333332
23.033333333333307,61.226666666666674,5.334999999999989,1.441666666666667,190.68333333333334,1107.1666666666667
22.540000000000013,63.51333333333328,0.39999999999999963,0.945,168.41666666666666,0.0
22.200000000000024,66.05500000000002,0.39999999999999963,1.085,188.23333333333332,0.0
19.408333333333356,78.35833333333336,0.6099999999999997,0.23833333333333298,157.51666666666668,0.0
19.200000000000024,79.01833333333337,34.853333333333325,0.43,194.33333333333334,9844.666666666666
18.77500000000002,81.86333333333341,106.61666666666672,1.1133333333333328,195.2,30003.916666666668
19.691666666666688,77.9499999999999,252.63333333333352,0.8533333333333333,185.5,82938.58333333333
21.536666666666644,72.7516666666667,443.235,1.6750000000000003,200.88333333333333,148553.08333333334
23.715000000000014,62.05333333333337,614.6033333333332,1.0183333333333333,188.73333333333332,173484.83333333334
24.361666666666636,59.313333333333304,401.5483333333335,0.9516666666666667,180.81666666666666,122881.5
24.834999999999997,58.77000000000001,465.4000000000002,1.066666666666667,185.98333333333332,126642.75
26.589999999999964,50.365000000000016,454.77833333333353,0.6599999999999999,145.4,141931.16666666666
27.069999999999986,48.658333333333324,341.51166666666666,0.725,199.21666666666667,94424.75
24.249999999999993,60.72333333333333,85.38333333333334,1.0850000000000002,185.28333333333333,26455.083333333332
22.299999999999976,72.0233333333333,40.80999999999999,0.7016666666666669,126.93333333333334,11216.916666666666
22.299999999999976,72.66166666666663,4.383333333333334,0.6749999999999999,135.06666666666666,689.25
22.299999999999976,71.91666666666661,0.5,0.6850000000000002,231.21666666666667,0.0
22.299999999999976,72.09999999999997,0.5,0.49166666666666664,175.98333333333332,0.0
18.20000000000002,80.70000000000009,0.5,1.1183333333333334,180.06666666666666,0.0
18.20000000000002,80.5500000000001,3.8533333333333317,1.0333333333333332,179.41666666666666,560.8333333333334
18.20000000000002,79.45666666666669,29.636666666666667,0.8699999999999998,217.26666666666668,8522.0
18.35000000000002,79.66000000000004,99.71499999999996,1.0733333333333344,210.31666666666666,32090.0
19.041666666666686,77.08000000000001,118.65333333333335,1.4449999999999998,212.78333333333333,36472.666666666664
19.200000000000024,77.30000000000003,138.3116666666667,1.6833333333333331,221.15,44759.75
19.200000000000024,77.0349999999999,73.15000000000002,1.2083333333333335,220.85,25182.25
19.200000000000024,78.11500000000001,106.95500000000001,0.668333333333333,217.13333333333333,38267.666666666664
19.200000000000024,76.52833333333338,75.68333333333335,0.7683333333333333,214.15,25386.333333333332
19.200000000000024,76.4416666666666,42.04,1.015,180.81666666666666,13150.75
18.716666666666686,77.13333333333324,35.663333333333334,1.5966666666666665,220.61666666666667,10863.833333333334
18.121666666666677,77.86166666666672,16.65666666666667,1.038333333333333,240.56666666666666,4432.5
17.600000000000012,76.05500000000005,1.0233333333333325,0.9783333333333335,249.55,30.833333333333332
17.041666666666682,73.9150000000001,0.39999999999999963,1.1750000000000007,234.15,0.0
16.558333333333348,73.08999999999996,0.39999999999999963,1.0599999999999996,225.45,0.0
13.71666666666668,56.801666666666655,0.39999999999999963,1.6366666666666667,228.01666666666668,0.0
13.600000000000014,53.86666666666667,12.98333333333333,1.1900000000000004,218.43333333333334,5907.333333333333
13.883333333333347,53.34666666666662,141.12,1.2016666666666669,213.75,63611.5
14.758333333333349,50.29333333333337,224.14999999999998,2.421666666666666,209.31666666666666,74091.5
15.250000000000009,47.22666666666667,364.8216666666669,3.6983333333333337,217.78333333333333,157771.16666666666
15.963333333333356,41.81666666666662,383.88166666666683,4.515,238.45,127158.16666666667
17.266666666666648,38.93166666666666,549.9883333333333,3.6833333333333327,234.91666666666666,153245.83333333334
17.751666666666658,39.15999999999997,623.5116666666665,3.8033333333333332,235.11666666666667,186343.25
18.115,40.70833333333335,637.5699999999999,3.7666666666666675,221.28333333333333,175167.08333333334
17.53333333333332,43.000000000000014,525.1350000000001,3.9999999999999996,230.9,150384.91666666666
17.86,42.016666666666666,347.83666666666693,3.9999999999999996,246.16666666666666,80491.33333333333
17.608333333333334,42.618333333333375,149.4833333333333,3.4533333333333336,226.28333333333333,23123.333333333332
16.586666666666652,43.65333333333333,10.001666666666669,3.0599999999999996,228.48333333333332,1096.0833333333333
15.566666666666652,45.95,0.0,2.733333333333333,226.45,0.0
15.266666666666652,45.47166666666665,0.0,2.804999999999999,234.55,0.0
12.70000000000001,64.56666666666673,0.0,1.788333333333334,237.96666666666667,0.0
12.70000000000001,66.28333333333339,15.766666666666664,1.7200000000000004,230.15,9894.416666666666
13.644999999999989,63.98833333333326,153.2816666666667,2.413333333333333,228.36666666666667,65897.33333333333
15.083333333333318,60.55666666666673,340.9933333333335,2.8616666666666672,224.05,133720.08333333334
15.561666666666659,59.78000000000006,515.38,3.5350000000000006,231.85,181013.25
16.968333333333312,56.33166666666669,645.0416666666666,3.018333333333333,227.98333333333332,205907.83333333334
18.165,52.96333333333334,719.0083333333333,2.710000000000001,227.15,214618.5
19.663333333333338,48.583333333333364,728.5416666666666,2.12,240.56666666666666,205690.58333333334
20.316666666666663,46.29,659.6916666666667,1.9916666666666665,260.21666666666664,183842.41666666666
20.968333333333316,44.34000000000001,525.4766666666668,2.0016666666666674,256.6666666666667,143040.25
21.33833333333333,44.699999999999974,343.0600000000002,2.2550000000000003,268.46666666666664,75413.33333333333
21.15000000000001,44.37,144.71166666666667,1.9800000000000006,271.23333333333335,21329.416666666668
20.016666666666666,46.56166666666661,9.165000000000003,1.6999999999999993,272.93333333333334,979.5833333333334
18.98333333333333,49.37666666666668,0.0,1.3933333333333335,259.43333333333334,0.0
18.191666666666656,51.43333333333333,0.0,1.5666666666666669,239.26666666666668,0.0
12.29999999999999,72.69999999999992,0.0,1.5849999999999995,171.15,0.0
12.29999999999999,72.69999999999992,15.523333333333333,1.3916666666666666,169.26666666666668,9329.666666666666
13.383333333333322,70.63999999999996,149.9716666666667,1.475,177.73333333333332,63135.916666666664
15.983333333333329,63.71999999999994,335.8400000000002,2.0266666666666664,195.68333333333334,131098.5
17.918333333333354,56.89000000000003,508.80500000000006,1.868333333333333,194.45,174606.25
19.453333333333326,51.895000000000024,646.8333333333334,1.8066666666666662,197.0,199550.75
20.933333333333348,46.91666666666669,718.8583333333333,1.3866666666666665,217.28333333333333,205993.83333333334
22.489999999999966,42.73000000000006,717.9416666666667,1.0483333333333331,141.85,198085.41666666666
22.68666666666666,39.901666666666685,646.7583333333333,1.1783333333333332,205.33333333333334,176723.75
23.225000000000012,37.6016666666667,513.2450000000002,1.0100000000000002,182.68333333333334,137736.66666666666
23.573333333333338,36.56166666666664,332.4250000000002,1.2183333333333337,222.1,71655.25
23.754999999999974,36.11166666666664,134.96500000000003,0.3766666666666667,164.6,19817.666666666668
21.041666666666664,48.57333333333327,7.5799999999999965,0.7666666666666667,189.76666666666668,847.0833333333334
19.725,55.658333333333296,0.19999999999999982,0.6950000000000002,165.1,0.0
19.100000000000005,59.96500000000003,0.19999999999999982,0.6299999999999997,232.91666666666666,0.0
15.0,74.34666666666676,0.19999999999999982,0.8066666666666666,183.83333333333334,0.0
14.55,75.75333333333336,28.15333333333332,0.9533333333333333,191.51666666666668,7954.75
15.001666666666683,74.86666666666675,107.12333333333336,1.281666666666667,200.1,35054.916666666664
16.351666666666656,70.70666666666669,266.28833333333347,1.3416666666666663,184.91666666666666,95210.08333333333
18.708333333333325,64.54833333333333,409.98333333333346,1.5133333333333334,184.21666666666667,133096.41666666666
21.44833333333333,55.56166666666668,579.3600000000001,1.0216666666666667,208.25,184879.66666666666
22.66333333333333,50.715000000000025,703.525,1.9133333333333336,204.58333333333334,199954.66666666666
23.466666666666665,46.63500000000001,705.7416666666667,1.991666666666667,216.18333333333334,195797.83333333334
24.396666666666654,44.881666666666675,638.4916666666667,1.4116666666666664,229.31666666666666,172803.66666666666
25.115000000000002,42.261666666666635,504.3750000000001,1.3716666666666666,192.0,135467.33333333334
25.556666666666686,40.7416666666667,317.47166666666675,0.8266666666666667,163.7,67351.08333333333
25.988333333333355,38.624999999999986,123.80500000000002,0.3583333333333333,236.25,18200.833333333332
23.068333333333346,50.86833333333338,6.646666666666659,0.8933333333333333,233.28333333333333,757.25
21.650000000000023,57.49666666666669,0.39999999999999963,1.4400000000000002,275.8666666666667,0.0
21.083333333333357,59.76666666666673,0.39999999999999963,1.698333333333334,262.8,0.0
15.100000000000016,74.30000000000008,0.39999999999999963,1.111666666666667,171.38333333333333,0.0
14.600000000000016,75.51666666666674,14.018333333333334,1.1933333333333336,178.76666666666668,7448.583333333333
15.043333333333356,73.86333333333332,143.7666666666667,0.8249999999999995,180.61666666666667,53748.916666666664
17.114999999999988,68.84333333333333,328.2733333333335,1.0166666666666668,173.51666666666668,118809.08333333333
19.69499999999998,60.99666666666671,531.6983333333334,0.9683333333333334,200.78333333333333,174737.66666666666
22.17833333333333,53.30666666666664,638.5083333333333,1.2033333333333334,174.86666666666667,191855.08333333334
24.44000000000002,42.85166666666669,689.1749999999998,1.3316666666666668,195.95,194483.41666666666
25.45500000000004,33.96166666666667,699.3783333333333,1.6950000000000003,234.41666666666666,190300.66666666666
26.20000000000002,28.80833333333334,635.975,1.7500000000000002,260.23333333333335,171294.25
26.629508196721318,28.68032786885246,459.3098360655739,1.736065573770491,255.50819672131146,126568.58333333333
27.43666666666669,28.72000000000003,320.2483333333334,0.9783333333333333,265.65,68123.25
26.096666666666692,35.31666666666662,122.35333333333341,1.1833333333333333,227.93333333333334,18180.5
23.558333333333334,41.83166666666668,4.471666666666666,1.1833333333333333,227.3,606.6666666666666
22.766666666666666,46.74500000000004,0.0,1.8733333333333335,259.1333333333333,0.0
22.216666666666665,50.900000000000055,0.0,1.9266666666666667,252.35,0.0
17.608333333333324,34.5,0.0,3.0183333333333326,242.48333333333332,0.0
16.899999999999984,36.929999999999986,14.779999999999998,4.2666666666666675,241.3,8139.5
16.899999999999984,38.63333333333329,152.72000000000006,4.265,233.28333333333333,62205.416666666664
16.899999999999984,40.243333333333354,350.53666666666686,5.478333333333334,230.21666666666667,133125.0
17.269999999999996,39.27500000000004,527.2533333333333,6.128333333333334,231.5,181824.08333333334
18.400000000000027,36.58499999999997,659.3,5.851666666666668,241.4,209550.58333333334
19.321666666666662,32.62166666666669,734.6416666666667,5.643333333333332,227.0,218368.5
20.03333333333331,29.496666666666695,738.775,5.6933333333333325,227.13333333333333,211452.75
20.299999999999976,29.060000000000016,662.3916666666667,5.714999999999999,229.55,187084.83333333334
20.47166666666667,29.77000000000002,522.8133333333335,4.326666666666666,231.46666666666667,143227.66666666666
20.189999999999976,31.331666666666667,337.58000000000015,3.8566666666666665,228.0,72586.5
19.60833333333331,34.23833333333335,135.79000000000005,3.69,235.56666666666666,19748.0
18.374999999999982,37.08999999999997,6.409999999999995,2.8683333333333336,237.16666666666666,717.0
17.583333333333314,39.710000000000015,0.19999999999999982,3.0833333333333335,222.06666666666666,0.0
16.883333333333315,40.8,0.19999999999999982,1.6783333333333337,231.76666666666668,0.0
12.125000000000012,62.846666666666614,0.19999999999999982,1.3649999999999993,178.35,0.0
12.100000000000014,62.83666666666666,13.291666666666664,1.3233333333333333,178.05,8322.25
13.12000000000001,60.00166666666662,141.94000000000005,1.3549999999999998,193.85,60417.416666666664
15.329999999999986,53.914999999999935,326.2816666666668,1.7533333333333332,203.83333333333334,125668.0
16.63833333333333,50.88666666666665,496.95500000000004,2.5600000000000005,200.11666666666667,171564.66666666666
18.203333333333337,46.945,627.9416666666667,2.2666666666666666,210.66666666666666,196521.5
19.781666666666688,44.48666666666669,703.7916666666666,1.8316666666666659,210.25,203910.33333333334
21.020000000000024,42.43500000000005,704.3416666666667,1.4866666666666666,218.96666666666667,195516.58333333334
22.323333333333327,40.07000000000001,630.9833333333333,1.0550000000000002,181.73333333333332,172089.33333333334
22.79166666666667,38.55166666666667,497.5950000000002,0.97,196.91666666666666,132859.91666666666
22.96166666666668,36.975000000000016,318.815,1.0799999999999998,258.75,67472.0
22.71499999999997,37.60166666666666,126.18833333333338,0.7433333333333333,248.75,18535.083333333332
20.528333333333357,47.55500000000005,5.978333333333337,1.1866666666666665,131.55,697.5
19.361666666666665,51.88999999999999,0.3000000000000004,0.6466666666666668,200.93333333333334,0.0
18.45833333333334,55.70166666666672,0.3000000000000004,0.4516666666666668,154.5,0.0
13.200000000000012,72.73000000000008,0.3000000000000004,1.59,179.35,0.0
13.200000000000012,71.21499999999999,10.754999999999999,1.2266666666666663,183.71666666666667,5186.166666666667
13.608333333333345,67.29833333333332,135.935,1.388333333333333,204.08333333333334,49927.083333333336
15.759999999999984,61.86166666666671,317.50333333333344,1.8066666666666662,194.53333333333333,115383.83333333333
17.856666666666676,56.57333333333334,486.5333333333335,1.7733333333333334,188.56666666666666,166658.58333333334
19.735,53.025000000000006,619.0183333333333,1.398333333333333,193.85,190554.16666666666
21.82833333333334,45.885000000000005,459.7533333333333,1.0883333333333332,142.01666666666668,111144.83333333333
23.055000000000007,41.283333333333374,689.2866666666666,1.5816666666666663,103.25,193946.66666666666
21.858333333333334,43.473333333333336,139.80500000000004,1.7633333333333339,87.7,44233.75
22.280000000000026,42.184999999999995,379.4833333333335,2.0583333333333327,82.08333333333333,115779.5
21.930000000000003,44.406666666666716,173.00833333333333,1.9583333333333328,75.65,45824.833333333336
21.333333333333332,47.301666666666634,100.75666666666667,1.9333333333333333,94.25,17156.0
20.05,52.270000000000046,4.851666666666658,1.3366666666666664,94.16666666666667,619.0833333333334
19.233333333333334,52.80000000000005,0.39999999999999963,1.1733333333333331,103.31666666666666,0.0
18.85,52.850000000000044,0.39999999999999963,1.2500000000000002,105.81666666666666,0.0
13.299999999999988,70.83833333333328,0.39999999999999963,1.118333333333333,200.96666666666667,0.0
13.299999999999988,72.43333333333341,10.371666666666664,1.1899999999999997,189.26666666666668,3324.5833333333335
13.976666666666663,70.5716666666667,151.65833333333333,1.2466666666666666,196.86666666666667,53804.166666666664
15.78,67.54166666666666,286.2916666666668,2.011666666666666,185.91666666666666,101815.75
18.51166666666666,60.7883333333334,427.68333333333345,2.0649999999999995,140.45,142157.58333333334
20.61833333333336,54.25666666666664,560.4333333333333,1.9850000000000003,128.96666666666667,183316.33333333334
21.12500000000002,51.12833333333332,449.5733333333335,2.0783333333333336,109.61666666666666,130318.91666666667
20.92499999999999,50.20166666666666,375.8116666666669,2.276666666666666,107.81666666666666,111730.25
21.21666666666666,48.560000000000024,282.3216666666667,1.4616666666666664,99.6,83174.5
21.099999999999998,50.23999999999997,265.3116666666667,1.99,86.9,76890.0
20.95833333333333,50.52666666666671,211.4483333333334,1.855,102.96666666666667,56399.75
20.674999999999997,51.785000000000004,89.64000000000006,1.41,90.16666666666667,19184.333333333332
19.94000000000001,55.76499999999999,12.571666666666687,1.2233333333333332,82.06666666666666,2112.3333333333335
18.541666666666668,59.36166666666672,0.19999999999999982,0.7166666666666665,125.4,0.0
17.721666666666646,65.24166666666672,0.19999999999999982,1.1316666666666662,127.98333333333333,0.0
15.483333333333317,78.29499999999997,0.19999999999999982,0.9133333333333336,162.58333333333334,0.0
15.299999999999985,79.66666666666666,2.3249999999999997,1.055,171.33333333333334,328.5
15.299999999999985,79.79666666666665,19.943333333333324,0.9633333333333337,132.8,5234.75
15.299999999999985,77.44333333333324,18.588333333333342,0.5100000000000001,200.38333333333333,5510.166666666667
15.299999999999985,79.0916666666667,37.38833333333334,0.8233333333333331,201.08333333333334,11830.75
15.299999999999985,78.44333333333329,65.30499999999999,0.6983333333333336,197.61666666666667,21920.416666666668
15.624999999999984,79.21500000000009,146.36166666666676,1.2549999999999997,181.81666666666666,48432.916666666664
15.799999999999983,79.38333333333337,81.73166666666665,1.7399999999999998,207.73333333333332,27680.916666666668
15.799999999999983,81.37999999999991,115.2083333333334,2.941666666666666,205.23333333333332,38614.5
15.799999999999983,80.78333333333325,35.88999999999999,1.9250000000000007,189.53333333333333,11344.75
15.56666666666665,80.32000000000001,22.01333333333336,1.5566666666666673,181.28333333333333,6303.5
15.299999999999985,80.17999999999999,6.138333333333339,0.9050000000000001,201.06666666666666,1211.5
15.299999999999985,79.57666666666663,0.5,0.3966666666666666,217.21666666666667,0.0
15.299999999999985,79.77499999999993,0.5,0.4716666666666667,193.65,0.0
15.299999999999985,80.71000000000001,0.5,0.81,180.28333333333333,0.0
15.299999999999985,80.24333333333325,0.5,0.9650000000000001,159.1,0.0
15.299999999999985,81.82666666666675,6.54166666666667,1.8683333333333332,175.56666666666666,1398.4166666666667
15.299999999999985,82.25000000000009,34.53166666666669,1.4633333333333323,165.91666666666666,8806.833333333334
15.524999999999984,80.5500000000001,43.16666666666667,0.7700000000000002,132.7,11915.416666666666
16.274999999999984,84.80666666666666,30.12499999999999,1.7133333333333336,124.78333333333333,8562.166666666666
16.76,86.61666666666666,124.93500000000002,1.3183333333333336,134.71666666666667,37679.166666666664
17.441666666666666,86.87166666666663,67.39499999999997,0.695,174.48333333333332,18284.0
16.459999999999987,87.34166666666667,68.10833333333332,2.118333333333334,164.2,19755.833333333332
16.38333333333332,88.0,17.34666666666666,2.5349999999999993,174.43333333333334,5032.666666666667
15.899999999999984,88.0,1.2999999999999985,3.3100000000000005,154.61666666666667,123.66666666666667
15.899999999999984,88.0,0.13999999999999976,3.8733333333333344,174.93333333333334,0.0
15.899999999999984,88.0,0.09999999999999991,4.3116666666666665,173.83333333333334,0.0
15.899999999999984,88.0,0.09999999999999991,3.816666666666666,173.81666666666666,0.0
16.62000000000001,88.3,0.09999999999999991,1.9883333333333333,124.1,0.0
18.00833333333335,88.0,0.09999999999999991,1.8033333333333335,203.0,0.0
15.399999999999984,87.10000000000014,0.09999999999999991,0.09999999999999991,168.58333333333334,0.0
14.924999999999985,87.33333333333321,14.876666666666669,0.35333333333333317,200.45,5713.083333333333
15.459999999999999,87.6999999999999,130.88833333333335,0.8716666666666665,240.01666666666668,46544.75
16.805000000000003,76.84666666666665,302.8383333333334,1.896666666666667,249.38333333333333,110697.83333333333
18.280000000000012,69.11333333333337,468.2350000000002,1.5299999999999996,235.88333333333333,155953.33333333334
19.389999999999997,65.7,595.1733333333333,1.5766666666666673,198.58333333333334,184802.66666666666
19.93,64.4233333333333,645.655,2.0866666666666664,194.41666666666666,187153.58333333334
20.55833333333334,61.70000000000006,530.4050000000001,2.0216666666666665,196.05,185772.58333333334
21.186666666666653,59.623333333333356,494.1383333333333,1.7816666666666667,200.33333333333334,145753.91666666666
21.638333333333335,56.541666666666714,470.8766666666669,1.6116666666666661,204.16666666666666,128781.75
22.063333333333357,56.01166666666663,290.7750000000002,1.3949999999999998,198.96666666666667,64409.75
21.479999999999993,56.78166666666671,108.835,1.3883333333333339,229.48333333333332,16303.416666666666
20.041666666666668,59.89333333333333,4.561666666666659,0.6899999999999998,186.6,526.1666666666666
18.429999999999993,67.71166666666676,0.7000000000000004,0.3516666666666666,298.53333333333336,0.0
17.899999999999988,71.43333333333341,0.7000000000000004,0.78,279.85,0.0
16.908333333333314,69.00000000000006,0.7000000000000004,1.2633333333333328,223.25,0.0
16.94166666666665,68.98666666666671,20.100000000000005,2.1750000000000003,229.3,4858.333333333333
17.42499999999998,66.76666666666674,86.935,1.4466666666666665,260.03333333333336,26561.916666666668
18.46666666666666,63.049999999999976,195.10166666666666,0.8900000000000001,171.05,62671.333333333336
19.701666666666664,59.20833333333336,341.8183333333335,0.9066666666666666,230.21666666666667,105281.16666666667
20.216666666666665,60.10000000000001,525.5183333333333,2.4016666666666664,211.45,160000.41666666666
20.608333333333345,60.46333333333338,574.7116666666667,2.6366666666666676,217.46666666666667,173255.66666666666
21.470000000000002,59.16333333333327,417.3066666666669,2.3133333333333335,226.75,119851.66666666667
21.116666666666667,59.55499999999999,260.32500000000005,1.9833333333333334,242.2,83562.5
21.276666666666674,59.72500000000004,363.41833333333335,2.1100000000000003,244.43333333333334,101044.75
21.008333333333336,61.569999999999965,106.34500000000006,2.181666666666666,241.96666666666667,31441.583333333332
20.900000000000002,63.506666666666746,33.09499999999999,1.1583333333333334,222.26666666666668,9404.75
20.058333333333312,65.3683333333334,2.20833333333333,0.6599999999999998,184.45,241.83333333333334
19.40833333333331,66.46666666666673,0.6000000000000008,0.5466666666666665,215.21666666666667,0.0
19.299999999999976,65.8833333333334,0.6000000000000008,0.3733333333333332,266.45,0.0
15.200000000000015,81.14833333333333,0.6000000000000008,0.9833333333333333,161.75,0.0
14.720000000000015,81.9,13.280000000000001,1.1016666666666666,162.5,5220.5
14.72000000000002,81.51833333333339,136.90833333333336,0.9800000000000001,180.56666666666666,45812.0
15.83333333333331,79.00666666666665,284.6966666666668,1.3033333333333323,190.4,110727.75
18.385,72.72333333333333,451.34166666666687,1.8150000000000002,181.91666666666666,153398.83333333334
20.869999999999997,63.2433333333333,582.5083333333333,1.5683333333333338,189.33333333333334,174643.66666666666
22.52500000000002,56.1533333333333,647.35,1.4566666666666666,201.36666666666667,181526.0
23.755000000000017,49.46833333333331,642.3833333333333,1.2566666666666666,179.55,174177.33333333334
24.38166666666664,46.809999999999995,570.7083333333334,1.0166666666666668,196.93333333333334,152530.16666666666
25.03000000000001,46.07333333333334,446.05166666666696,0.9066666666666666,192.56666666666666,114816.41666666667
25.575000000000014,42.89166666666662,282.4483333333332,0.6566666666666666,200.53333333333333,56711.416666666664
24.07999999999997,46.2266666666667,105.045,0.9500000000000003,187.25,15705.75
21.783333333333363,53.03166666666661,3.15833333333333,0.723333333333333,197.8,390.25
20.775000000000023,58.870000000000005,0.09999999999999991,0.49500000000000016,238.95,0.0
20.191666666666688,63.2833333333334,0.09999999999999991,0.5633333333333331,293.7,0.0
15.875000000000016,79.93333333333334,0.09999999999999991,0.9149999999999999,164.2,0.0
15.600000000000016,80.53333333333333,9.996666666666666,0.8283333333333334,175.33333333333334,4849.25
15.973333333333358,79.5333333333333,119.87000000000002,1.138333333333334,186.78333333333333,43199.833333333336
17.963333333333324,73.91833333333328,290.92833333333346,1.1483333333333332,185.68333333333334,102605.91666666667
20.758333333333347,64.41999999999996,458.4466666666668,0.6166666666666665,156.75,142596.5
23.358333333333313,56.19166666666664,574.3083333333333,0.5599999999999998,172.38333333333333,165454.08333333334
25.006666666666653,48.525000000000055,645.7916666666666,0.7466666666666666,210.4,176671.33333333334
25.91666666666664,46.339999999999996,654.4416666666667,0.8749999999999999,218.56666666666666,169263.91666666666
26.06833333333335,46.77666666666664,472.36666666666673,0.8383333333333334,244.58333333333334,128155.08333333333
26.351666666666645,46.79999999999993,382.40000000000015,0.8366666666666666,196.4,94001.33333333333
25.068333333333335,51.480000000000054,214.72333333333344,1.288333333333333,128.85,51441.166666666664
24.18166666666669,53.81666666666672,95.16666666666667,1.0366666666666664,182.71666666666667,13952.583333333334
22.26833333333331,57.361666666666586,2.2633333333333265,1.7333333333333327,242.83333333333334,265.0
21.649999999999977,59.91166666666665,0.19999999999999982,1.7566666666666666,242.43333333333334,0.0
21.141666666666644,62.91666666666668,0.19999999999999982,1.6216666666666673,276.8333333333333,0.0
15.700000000000017,80.6000000000001,0.19999999999999982,0.9149999999999997,163.11666666666667,0.0
15.291666666666682,80.57000000000004,10.341666666666669,1.0783333333333334,182.98333333333332,5244.333333333333
15.500000000000016,77.67000000000003,121.18000000000005,0.8899999999999998,185.9,48511.75
17.069999999999986,73.73666666666662,291.0800000000001,1.2400000000000004,193.43333333333334,109621.83333333333
19.144999999999996,67.37333333333336,461.8433333333334,1.2733333333333337,199.08333333333334,151661.25
21.903333333333347,59.26999999999997,591.0916666666667,1.5549999999999995,201.8,174538.08333333334
23.7,50.445,656.075,2.0433333333333334,193.41666666666666,182397.83333333334
24.688333333333343,46.17166666666667,649.975,2.0333333333333337,207.98333333333332,178454.58333333334
25.701666666666654,41.623333333333335,582.9833333333333,1.6233333333333335,190.7,159821.91666666666
26.321666666666673,38.75166666666667,450.36666666666696,1.5200000000000002,208.46666666666667,119442.5
27.02499999999999,37.45666666666666,278.3516666666667,0.63,204.51666666666668,56350.583333333336
26.991666666666667,36.96833333333333,99.41499999999998,0.3983333333333335,222.66666666666666,13585.75
24.5133333333333,45.20000000000004,2.403333333333337,0.5199999999999999,230.3,249.66666666666666
22.511666666666674,54.04166666666666,0.7999999999999993,0.47499999999999987,256.18333333333334,0.0
21.091666666666665,59.86333333333335,0.7999999999999993,0.8150000000000003,216.4,0.0
14.608333333333348,46.50500000000003,0.7999999999999993,1.6483333333333332,204.91666666666666,0.0
13.660000000000014,52.02499999999996,9.611666666666668,1.495,187.51666666666668,5148.333333333333
14.158333333333347,49.22000000000004,123.57500000000002,1.9083333333333334,204.85,47906.583333333336
15.869999999999987,46.48666666666674,301.2633333333335,2.128333333333333,193.98333333333332,110297.33333333333
17.38499999999999,44.57666666666669,464.4983333333335,2.811666666666667,194.5,155858.41666666666
18.730000000000004,43.281666666666645,591.85,2.885,201.96666666666667,180570.08333333334
19.978333333333353,44.44999999999996,663.125,2.3466666666666662,207.38333333333333,187057.08333333334
21.194999999999997,44.83999999999995,660.6333333333333,2.221666666666667,200.83333333333334,179911.16666666666
22.476666666666663,43.15833333333337,587.775,1.551666666666667,216.03333333333333,156581.83333333334
23.411666666666687,41.92500000000005,455.09666666666686,1.1833333333333333,228.51666666666668,120862.91666666667
23.41666666666668,41.836666666666694,281.02500000000015,1.3,235.41666666666666,57436.166666666664
23.175000000000004,43.320000000000014,99.50333333333336,1.1433333333333333,256.21666666666664,14239.916666666666
20.88333333333333,57.33833333333326,2.3766666666666705,1.008333333333333,115.28333333333333,245.83333333333334
19.550000000000004,62.951666666666746,0.899999999999999,1.098333333333333,86.4,0.0
18.69,63.7833333333334,0.899999999999999,0.62,167.83333333333334,0.0
12.553333333333317,55.13333333333336,0.899999999999999,1.423333333333333,179.1,0.0
11.809999999999993,58.97499999999999,9.346666666666666,2.7750000000000017,210.95,5055.083333333333
12.724999999999987,54.0866666666666,123.75333333333334,2.415,213.76666666666668,48761.5
14.436666666666673,50.04333333333328,304.1916666666668,1.791666666666667,186.16666666666666,115938.25
16.141666666666683,45.27333333333333,471.60500000000013,1.725,193.01666666666668,164045.5
17.29,40.783333333333346,595.2,2.1600000000000006,199.73333333333332,189343.58333333334
18.693333333333335,38.76333333333333,662.25,1.9133333333333333,204.86666666666667,195751.16666666666
19.960000000000004,36.15166666666666,665.1833333333333,1.3966666666666667,219.81666666666666,187382.66666666666
21.11999999999999,34.12166666666667,588.5833333333334,1.0316666666666667,194.7,162408.66666666666
21.746666666666666,31.883333333333344,456.16000000000014,0.8666666666666668,234.93333333333334,120680.91666666667
21.673333333333336,32.48000000000003,281.73833333333334,0.8633333333333336,207.86666666666667,57265.166666666664
21.121666666666673,33.96,99.00666666666665,0.8966666666666664,225.48333333333332,14792.25
19.24666666666665,51.77333333333339,2.4849999999999954,1.3500000000000005,74.68333333333334,384.4166666666667
18.141666666666648,57.28333333333333,0.09999999999999991,0.78,67.75,0.0
17.416666666666647,59.63333333333333,0.09999999999999991,0.5700000000000001,70.26666666666667,0.0
11.3,67.96666666666674,0.09999999999999991,1.548333333333333,163.55,0.0
11.0,71.79499999999999,9.666666666666666,1.4366666666666668,171.31666666666666,4633.166666666667
11.258333333333333,72.59333333333332,116.28833333333334,1.5716666666666663,178.8,44579.583333333336
13.150000000000015,65.21833333333329,293.6700000000001,1.6016666666666657,176.43333333333334,106553.33333333333
15.986666666666666,54.87833333333335,460.5366666666668,1.1216666666666666,182.51666666666668,154465.5
18.24499999999999,45.67833333333336,592.775,1.613333333333333,197.96666666666667,179084.41666666666
19.499999999999996,34.7,670.05,2.521666666666667,245.18333333333334,189030.41666666666
19.991666666666667,32.13000000000001,672.2833333333333,2.684999999999999,256.43333333333334,182306.41666666666
20.435,32.19166666666669,595.425,2.581666666666666,239.95,161802.75
21.21000000000002,33.08833333333331,458.8433333333336,1.963333333333334,247.06666666666666,123224.16666666667
21.799999999999976,30.246666666666638,284.42666666666685,2.03,252.65,57830.833333333336
21.120000000000022,31.00166666666671,97.0466666666667,1.8283333333333327,273.8,13590.25
19.35666666666667,34.01666666666671,2.2033333333333323,1.03,249.73333333333332,179.41666666666666
18.791666666666668,35.53166666666667,0.5,1.5783333333333336,273.51666666666665,0.0
18.366666666666667,36.16666666666671,0.5,2.4566666666666674,252.18333333333334,0.0
11.101666666666679,61.52833333333342,0.5,1.5733333333333335,168.05,0.0
10.600000000000012,62.78,8.476666666666667,1.5583333333333333,152.26666666666668,4944.333333333333
11.475000000000012,61.05000000000003,118.2366666666667,1.305,156.65,47576.916666666664
14.080000000000013,54.24666666666669,295.5050000000001,1.2483333333333333,184.5,108414.25
16.65166666666666,46.05666666666668,459.5733333333335,1.3699999999999997,210.2,153309.58333333334
18.003333333333334,43.463333333333324,585.0,2.055,186.78333333333333,177897.83333333334
19.400000000000002,41.469999999999935,656.3916666666667,1.9016666666666666,204.91666666666666,185082.25
20.248333333333335,37.51833333333332,660.35,2.153333333333333,208.56666666666666,182268.0
21.219999999999985,36.17333333333333,587.4666666666667,2.1650000000000005,224.6,163669.91666666666
22.341666666666654,30.581666666666674,456.0216666666669,2.211666666666667,244.83333333333334,121840.66666666667
22.599999999999987,27.90499999999997,283.23499999999996,2.1549999999999994,252.91666666666666,57028.833333333336
22.24999999999999,28.228333333333364,97.34,1.3366666666666664,247.96666666666667,13239.583333333334
20.541666666666664,30.823333333333327,1.9516666666666649,1.6266666666666671,259.0833333333333,176.41666666666666
20.04000000000001,30.03666666666669,0.7999999999999993,2.2916666666666665,247.18333333333334,0.0
19.191666666666666,30.646666666666686,0.7999999999999993,1.6483333333333328,239.11666666666667,0.0
12.97499999999999,50.68666666666666,0.7999999999999993,0.4916666666666666,110.48333333333333,0.0
13.343333333333337,51.15000000000002,8.426666666666666,0.7966666666666667,169.51666666666668,5028.333333333333
15.050000000000015,44.32333333333331,116.24333333333338,1.4733333333333338,247.23333333333332,46299.916666666664
16.59833333333331,41.51333333333335,292.84833333333347,2.478333333333333,256.81666666666666,105927.75
17.883333333333315,39.75999999999999,457.3600000000002,2.428333333333334,250.28333333333333,153220.33333333334
18.933333333333326,39.24999999999999,585.175,2.561666666666667,243.25,176713.58333333334
20.65,37.146666666666675,655.05,2.276666666666666,239.4,185576.91666666666
22.00000000000001,34.62166666666667,652.575,3.3183333333333342,246.26666666666668,185807.91666666666
22.808333333333355,33.38333333333333,579.2083333333334,3.323333333333335,232.48333333333332,162605.75
23.270000000000014,32.41666666666665,447.0800000000002,3.2249999999999996,239.65,119753.75
23.333333333333307,33.22833333333338,274.6850000000001,3.3916666666666666,247.68333333333334,55670.75
22.60833333333336,34.250000000000036,92.26666666666668,2.828333333333335,234.58333333333334,12684.166666666666
21.269999999999992,36.763333333333335,2.0083333333333373,2.5300000000000007,236.28333333333333,161.91666666666666
20.540000000000003,37.416666666666664,0.899999999999999,2.7600000000000002,229.38333333333333,0.0
20.091666666666665,39.35,0.899999999999999,2.316666666666667,235.9,0.0
12.608333333333324,62.34166666666675,0.899999999999999,0.9316666666666669,167.65,0.0
12.29999999999999,63.74666666666672,7.873333333333334,1.4016666666666664,156.85,4624.666666666667
12.936666666666659,63.65666666666664,110.91166666666668,1.325,160.25,46657.0
15.574999999999994,56.94166666666672,281.61500000000007,1.418333333333333,183.71666666666667,106835.5
18.056666666666683,50.245000000000026,443.23000000000025,1.7499999999999991,181.93333333333334,154354.75
19.698333333333316,44.13333333333332,571.125,1.8533333333333337,201.35,178939.33333333334
20.893333333333313,42.05166666666666,634.4416666666667,1.5183333333333335,212.0,184960.5
22.853333333333346,40.998333333333335,628.8583333333333,0.85,148.01666666666668,174717.83333333334
23.626666666666672,39.20499999999998,550.6766666666667,0.5483333333333332,202.31666666666666,150027.33333333334
23.276666666666692,40.809999999999974,394.1533333333336,0.9183333333333334,187.55,105224.58333333333
22.651666666666664,44.50666666666666,256.96166666666664,1.3449999999999998,194.75,48991.666666666664
22.358333333333334,45.88166666666666,84.76833333333329,0.6433333333333333,213.76666666666668,12453.083333333334
20.67166666666667,53.42666666666663,1.8433333333333333,1.3033333333333335,264.2,155.16666666666666
19.641666666666662,57.73166666666668,0.5,1.6450000000000005,271.9166666666667,0.0
18.799999999999994,60.5,0.5,1.3383333333333332,269.8,0.0
11.958333333333346,68.18166666666663,0.5,0.77,133.1,0.0
11.600000000000012,68.49499999999999,7.199999999999999,0.46166666666666695,107.06666666666666,3672.6666666666665
13.434999999999992,60.01833333333327,113.49833333333332,0.5133333333333335,201.4,41295.333333333336
16.45666666666669,51.13333333333339,289.2916666666668,0.555,226.01666666666668,103697.91666666667
17.831666666666646,48.57166666666661,454.77166666666676,1.9233333333333333,211.1,151750.16666666666
18.859999999999992,46.1433333333333,580.65,2.4316666666666666,206.43333333333334,176721.75
20.035000000000004,44.14666666666664,649.2583333333333,3.151666666666667,219.85,192104.0
21.421666666666685,39.39333333333335,641.0166666666667,2.593333333333334,219.7,183059.16666666666
22.189999999999976,35.47500000000001,566.92,2.833333333333334,239.88333333333333,159411.75
22.299999999999976,34.79999999999996,433.7466666666669,3.2333333333333334,239.31666666666666,116533.33333333333
22.299999999999976,35.32666666666669,257.75500000000005,2.6216666666666666,234.11666666666667,48791.75
21.591666666666644,35.93166666666664,82.8766666666667,3.0200000000000005,237.41666666666666,11822.666666666666
19.924999999999976,38.953333333333376,1.3733333333333317,2.1133333333333337,223.73333333333332,111.66666666666667
19.00833333333331,40.81666666666671,0.3000000000000004,1.8816666666666662,226.95,0.0
18.110000000000007,41.90000000000005,0.3000000000000004,2.486666666666665,219.73333333333332,0.0
9.425,45.5,0.3000000000000004,2.0349999999999997,221.01666666666668,0.0
9.0,46.12666666666662,7.565000000000002,2.1950000000000003,227.65,4180.083333333333
9.175,44.811666666666675,112.40500000000004,1.2016666666666669,216.15,46225.75
10.435000000000006,42.25166666666665,291.8933333333335,2.906666666666667,210.61666666666667,111546.58333333333
11.791666666666652,39.91333333333335,457.9683333333335,3.044999999999999,216.83333333333334,162925.66666666666
13.309999999999992,37.82333333333333,581.4333333333333,3.0683333333333342,215.75,189519.16666666666
14.749999999999982,36.921666666666624,638.0166666666667,2.97,224.53333333333333,196090.41666666666
15.908333333333315,34.50999999999998,633.6833333333333,2.4816666666666674,237.31666666666666,187811.75
17.318333333333328,31.331666666666685,565.8833333333333,1.9616666666666662,224.98333333333332,163632.41666666666
18.206666666666663,27.58999999999999,440.33833333333354,1.7433333333333334,226.23333333333332,120381.83333333333
18.358333333333338,27.463333333333303,270.4266666666667,1.7666666666666662,247.75,55425.416666666664
17.558333333333344,29.088333333333345,88.56833333333333,1.3916666666666657,238.4,12452.333333333334
15.853333333333337,32.44999999999997,1.5683333333333376,0.84,263.45,119.41666666666667
14.455,37.23166666666668,0.39999999999999963,0.38500000000000006,192.98333333333332,0.0
12.888333333333318,50.86166666666669,0.39999999999999963,0.7149999999999997,147.23333333333332,0.0
7.600000000000008,64.84499999999998,0.39999999999999963,1.7216666666666665,175.96666666666667,0.0
7.3183333333333405,66.77166666666663,7.319999999999999,1.8466666666666665,177.4,3582.5
8.461666666666668,65.00666666666669,105.5916666666667,1.931666666666667,186.26666666666668,40619.333333333336
11.633333333333347,56.18833333333332,276.90000000000015,1.935,194.81666666666666,100578.75
14.33999999999998,47.62999999999999,437.4433333333335,2.0516666666666676,211.11666666666667,149072.33333333334
16.09166666666666,44.756666666666696,556.6016666666667,1.9333333333333327,203.25,173360.83333333334
17.680000000000007,43.38499999999999,618.0916666666667,1.8516666666666666,209.45,185634.58333333334
18.97500000000001,42.073333333333316,617.1333333333333,2.048333333333333,221.36666666666667,179749.16666666666
20.21,40.97166666666663,548.3,1.2749999999999995,195.8,154241.75
21.135000000000026,40.27333333333333,310.7766666666666,1.2316666666666671,151.23333333333332,88457.75
20.700000000000024,42.680000000000014,101.09333333333333,1.0916666666666672,122.78333333333333,29608.166666666668
20.308333333333355,45.34000000000002,34.493333333333325,1.4683333333333328,144.56666666666666,9173.333333333334
19.475000000000023,47.75000000000003,1.5649999999999997,1.7683333333333333,141.55,82.58333333333333
18.316666666666684,51.760000000000055,0.5,1.663333333333334,158.83333333333334,0.0
17.390000000000004,55.13333333333339,0.5,1.1633333333333336,166.36666666666667,0.0
13.750000000000012,73.0083333333333,0.5,1.7266666666666668,200.28333333333333,0.0
13.600000000000014,73.8333333333333,8.376666666666665,1.6250000000000004,197.4,3668.5833333333335
13.933333333333346,73.94999999999997,101.61,1.976666666666667,186.63333333333333,40849.0
16.071666666666673,68.61000000000004,266.53000000000014,2.175,167.55,96779.0
18.476666666666667,59.76333333333334,424.5800000000002,2.235,146.15,143968.58333333334
19.91833333333334,54.4433333333333,463.0849999999999,2.4366666666666674,146.65,137528.66666666666
21.270000000000007,47.25666666666664,483.82666666666665,2.3699999999999997,121.85,141204.75
21.641666666666666,44.52333333333332,402.78833333333324,2.103333333333333,130.31666666666666,99320.25
20.856666666666662,49.56666666666662,184.1266666666667,1.6316666666666664,106.35,56230.0
20.238333333333333,54.67000000000001,188.6683333333335,2.0999999999999996,107.96666666666667,59560.25
18.929999999999996,62.4216666666666,134.11500000000004,1.7200000000000004,112.05,35816.833333333336
18.899999999999988,59.47719298245608,77.46140350877194,2.0842105263157893,123.52631578947368,14508.416666666666
18.49999999999998,60.77241379310339,0.9689655172413795,1.7913793103448281,120.94827586206897,30.333333333333332
17.749999999999982,62.58333333333327,0.5,1.6499999999999997,121.16666666666667,0.0
17.29999999999998,64.98333333333328,0.5,1.5133333333333332,132.65,0.0
14.200000000000014,80.23333333333342,0.5,0.9649999999999999,183.46666666666667,0.0
14.200000000000014,80.5500000000001,9.82666666666667,1.2066666666666666,183.58333333333334,2727.75
14.22000000000001,80.70000000000003,64.47666666666666,1.2183333333333337,147.7,18494.166666666668
15.643333333333338,76.28166666666662,204.90333333333336,0.7983333333333331,140.81666666666666,66444.16666666667
17.860000000000017,69.55666666666671,231.63333333333327,1.1283333333333336,167.63333333333333,74430.0
18.520000000000007,70.2466666666667,385.41833333333346,1.2016666666666669,71.16666666666667,136473.66666666666
19.679999999999982,62.72333333333335,396.7899999999999,1.8933333333333335,107.23333333333333,130771.33333333333
20.865000000000023,56.209999999999994,487.39666666666676,1.7966666666666664,90.5,162047.58333333334
21.08333333333333,50.95999999999995,331.5833333333334,2.235,77.25,103332.75
20.636666666666667,52.62999999999995,184.94333333333336,1.785,108.9,56015.166666666664
20.25,53.341666666666626,103.57666666666672,1.9266666666666667,107.66666666666667,30858.666666666668
19.383333333333333,57.160000000000004,24.318333333333353,1.6183333333333332,89.2,6144.083333333333
18.05,64.77499999999993,0.18333333333333332,1.291666666666667,113.91666666666667,0.0
18.0,64.87000000000002,0.0,1.143333333333333,122.15,0.0
17.908333333333335,64.71666666666661,0.0,0.8400000000000001,125.63333333333334,0.0
15.5,82.07666666666667,0.0,2.1799999999999993,160.16666666666666,0.0
15.5,82.53333333333335,2.865,1.7299999999999998,79.66666666666667,675.9166666666666
15.5,83.01666666666668,44.54166666666668,2.0133333333333336,138.61666666666667,13231.833333333334
15.666666666666666,82.32666666666657,134.81333333333336,1.8333333333333333,180.55,48505.416666666664
17.43500000000002,75.76666666666667,299.59666666666675,1.5,146.33333333333334,105473.5
18.70000000000002,69.96333333333338,240.99000000000007,1.4966666666666661,156.21666666666667,81157.5
18.858333333333352,70.46333333333332,305.89500000000015,1.8733333333333324,171.25,101253.25
20.14333333333332,65.11666666666672,294.40500000000003,1.6050000000000002,137.65,99943.58333333333
20.42666666666667,62.85,315.29666666666674,1.6966666666666677,103.28333333333333,98937.33333333333
18.989999999999995,68.80000000000004,222.4016666666667,1.0950000000000004,96.55,72914.83333333333
19.49999999999998,66.18499999999997,107.27500000000006,1.4816666666666665,79.73333333333333,30567.666666666668
19.299999999999976,62.673333333333325,27.70499999999999,0.7999999999999999,104.13333333333334,7535.916666666667
18.63333333333335,63.80666666666663,1.2133333333333336,0.8883333333333333,103.21666666666667,54.083333333333336
18.20000000000002,68.18333333333327,0.5,0.8733333333333332,107.1,0.0
17.716666666666686,70.56666666666662,0.5,0.6816666666666666,141.95,0.0
14.600000000000016,77.13333333333331,0.5,1.3949999999999991,199.9,0.0
14.600000000000016,77.56666666666665,5.8500000000000005,1.5683333333333336,198.71666666666667,1082.9166666666667
14.828333333333354,76.58833333333324,91.26333333333332,1.221666666666667,201.08333333333334,26868.666666666668
16.323333333333316,73.05666666666663,198.815,1.4283333333333337,182.63333333333333,64644.166666666664
17.65833333333332,68.73666666666674,225.34666666666675,1.0800000000000003,186.66666666666666,72759.0
19.05333333333334,66.64500000000002,442.8900000000001,1.2383333333333328,196.31666666666666,135590.25
19.93500000000002,64.70999999999994,194.34,0.9566666666666666,183.16666666666666,51926.083333333336
20.200000000000024,64.73333333333333,169.9416666666667,0.5583333333333332,133.58333333333334,48936.0
19.515,69.04833333333333,97.72000000000004,0.48666666666666664,113.21666666666667,28592.583333333332
20.366666666666667,65.64666666666666,181.63333333333335,0.4733333333333333,226.46666666666667,63498.833333333336
21.00166666666667,63.8366666666667,187.90333333333334,0.4683333333333332,208.38333333333333,51516.416666666664
20.450000000000003,66.45833333333329,37.36666666666665,0.38333333333333325,224.06666666666666,9398.083333333334
19.783333333333335,68.7916666666666,1.1300000000000017,0.46833333333333355,137.66666666666666,57.083333333333336
19.224999999999998,70.95333333333325,0.19999999999999982,0.4650000000000001,143.85,0.0
18.89999999999999,72.19999999999992,0.19999999999999982,0.5016666666666666,245.16666666666666,0.0
15.700000000000017,84.18166666666677,0.19999999999999982,1.1300000000000001,192.76666666666668,0.0
15.700000000000017,81.28999999999998,5.023333333333334,0.4499999999999999,178.98333333333332,982.9166666666666
15.805000000000007,80.42999999999998,107.43,0.5333333333333334,149.35,25150.666666666668
16.954999999999988,78.55499999999996,234.51000000000013,0.7833333333333332,189.45,72890.75
18.88833333333334,72.23500000000006,359.4483333333335,1.103333333333333,190.51666666666668,116407.83333333333
20.140000000000004,68.28166666666671,457.95000000000005,1.1083333333333334,179.23333333333332,150618.83333333334
21.039999999999985,65.7333333333334,467.9800000000002,1.166666666666667,180.35,153798.33333333334
21.39666666666668,63.918333333333315,408.98500000000024,0.8633333333333334,184.15,122140.91666666667
22.661666666666658,60.38499999999999,473.5433333333336,0.8133333333333331,172.28333333333333,137760.33333333334
23.8566666666667,55.236666666666686,330.91000000000014,0.485,139.85,92205.66666666667
23.77500000000003,54.433333333333294,133.12166666666667,0.7516666666666668,94.73333333333333,33138.75
22.54666666666665,60.78333333333335,86.59166666666667,1.1350000000000002,190.1,16769.0
21.13333333333333,64.43833333333326,1.31666666666667,1.1366666666666665,237.13333333333333,58.0
20.46666666666666,68.4666666666666,0.39999999999999963,1.9883333333333337,254.73333333333332,0.0
19.883333333333333,72.39999999999992,0.39999999999999963,1.6766666666666667,269.5833333333333,0.0
16.100000000000016,81.69333333333326,0.39999999999999963,0.8133333333333331,210.15,0.0
16.100000000000016,83.59833333333343,6.290000000000003,1.1866666666666668,207.7,921.1666666666666
16.100000000000016,82.95666666666669,26.66166666666667,0.7483333333333335,187.36666666666667,5606.5
16.900000000000016,78.3533333333334,153.04333333333338,0.24000000000000007,180.7,42241.333333333336
20.05333333333333,69.91666666666666,402.01333333333355,0.30666666666666653,211.48333333333332,123586.41666666667
21.62333333333331,65.8666666666667,338.5566666666669,0.785,201.55,98887.16666666667
22.191666666666645,64.61833333333328,375.89833333333354,0.9916666666666668,203.26666666666668,108757.66666666667
22.419999999999973,63.138333333333335,322.4050000000001,2.0983333333333336,203.68333333333334,100419.58333333333
21.623333333333346,66.41333333333334,191.21666666666667,2.763333333333333,226.46666666666667,57559.5
20.941666666666688,66.38333333333341,95.08000000000001,2.0933333333333337,224.51666666666668,29496.666666666668
20.700000000000024,62.978333333333275,21.685000000000006,1.4583333333333335,239.13333333333333,5460.0
20.200000000000024,62.28333333333338,9.369999999999997,1.7033333333333334,223.81666666666666,2013.5833333333333
19.71666666666669,62.65000000000006,0.73,2.135,211.83333333333334,7.0
19.700000000000024,60.181666666666736,0.5,1.3666666666666667,213.11666666666667,0.0
19.37500000000002,60.06666666666673,0.5,1.3200000000000003,195.13333333333333,0.0
15.483333333333348,69.21666666666661,0.5,1.8083333333333333,243.83333333333334,0.0
14.725000000000016,67.61333333333333,4.7716666666666665,1.0433333333333334,241.06666666666666,1809.4166666666667
14.710000000000019,61.77333333333333,90.25333333333333,0.7600000000000001,250.98333333333332,35453.25
15.200000000000015,53.641666666666715,257.99500000000006,2.4500000000000006,250.66666666666666,94497.75
15.303333333333349,54.671666666666674,421.9133333333336,2.6983333333333346,236.03333333333333,145986.33333333334
15.541666666666682,51.503333333333316,545.6733333333334,4.7299999999999995,245.65,175625.75
15.93333333333335,49.42999999999999,605.0166666666667,5.296666666666665,240.66666666666666,182804.91666666666
16.28333333333335,46.87999999999998,604.525,6.065,231.46666666666667,183005.58333333334
16.775000000000016,44.729999999999954,531.4783333333334,5.241666666666665,230.88333333333333,161376.08333333334
17.20000000000002,44.549999999999976,404.3216666666669,5.248333333333333,226.01666666666668,115812.0
17.20000000000002,45.96500000000004,243.13333333333333,4.529999999999999,237.01666666666668,52056.083333333336
16.716666666666686,48.36666666666667,70.00166666666672,3.23,228.56666666666666,10402.166666666666
15.775000000000016,50.63333333333333,1.1816666666666646,2.488333333333333,241.41666666666666,43.083333333333336
15.200000000000015,52.439999999999955,0.3000000000000004,2.7933333333333326,233.11666666666667,0.0
14.660000000000016,54.66000000000006,0.3000000000000004,2.241666666666666,232.15,0.0
13.600000000000014,62.28833333333328,0.3000000000000004,2.453333333333333,204.5,0.0
13.600000000000014,62.59999999999994,8.046666666666665,1.921666666666667,212.63333333333333,2805.9166666666665
13.933333333333346,61.89666666666666,79.185,2.0283333333333333,193.56666666666666,28115.416666666668
15.393333333333327,57.70666666666659,203.13833333333335,3.0866666666666673,178.06666666666666,74247.0
16.929999999999993,53.439999999999955,406.28000000000026,3.1866666666666665,168.6,140278.16666666666
18.330000000000002,49.98833333333337,531.4566666666667,2.706666666666666,172.73333333333332,166676.33333333334
18.990000000000006,48.14333333333334,524.155,2.9699999999999998,171.25,146106.83333333334
20.268333333333324,42.68666666666668,557.1716666666666,2.5600000000000005,145.55,165404.0
20.179999999999975,43.390000000000015,464.88000000000005,2.3283333333333336,127.55,126095.75
19.92000000000002,43.65500000000001,299.5466666666668,2.2283333333333335,132.88333333333333,97972.83333333333
19.449999999999978,45.57,170.6866666666666,2.0266666666666664,136.95,40912.583333333336
18.74833333333336,49.726666666666716,51.241666666666646,1.46,156.25,11059.75
17.82500000000002,49.673333333333325,1.1200000000000008,1.0883333333333334,136.61666666666667,20.083333333333332
16.76833333333335,50.98833333333333,0.6000000000000008,0.9799999999999998,141.65,0.0
15.72,58.20666666666664,0.6000000000000008,1.0700000000000003,173.0,0.0
12.899999999999986,73.22833333333331,0.6000000000000008,1.1516666666666666,215.96666666666667,0.0
12.899999999999986,72.76666666666667,6.6533333333333315,2.023333333333333,209.81666666666666,2560.3333333333335
13.324999999999987,71.15666666666672,88.99500000000003,2.4216666666666677,204.7,33928.916666666664
14.643333333333336,67.11999999999995,247.5616666666668,2.1716666666666664,191.96666666666667,89361.16666666667
16.793333333333354,59.826666666666675,400.05500000000023,2.3066666666666666,177.13333333333333,137433.08333333334
18.69666666666664,53.36666666666672,520.7383333333333,2.043333333333333,164.78333333333333,164793.5
20.14999999999999,48.555,588.4,1.7966666666666675,134.03333333333333,172577.08333333334
21.23666666666668,44.61166666666667,564.9983333333334,1.7033333333333336,135.2,145317.16666666666
21.79166666666667,42.26666666666669,492.7250000000001,1.8950000000000002,93.96666666666667,134052.58333333334
21.00333333333334,45.95833333333333,289.0383333333335,1.6233333333333326,99.15,76218.5
20.54166666666667,47.57333333333333,175.43499999999986,1.4733333333333332,111.78333333333333,43711.666666666664
19.725,49.38833333333332,61.41999999999998,1.45,93.65,10170.75
18.683333333333326,53.19999999999995,1.668333333333331,1.11,84.95,36.333333333333336
18.39999999999999,53.299999999999955,0.7999999999999993,0.6449999999999999,116.18333333333334,0.0
18.033333333333307,54.88666666666663,0.7999999999999993,1.0483333333333336,124.95,0.0
12.32500000000001,75.91666666666674,0.7999999999999993,0.9099999999999999,167.78333333333333,0.0
12.20000000000001,76.3000000000001,7.156666666666665,0.9100000000000003,177.18333333333334,2601.75
12.591666666666676,74.20833333333329,82.68000000000004,1.0416666666666667,197.25,31995.916666666668
14.266666666666646,69.32000000000004,242.0083333333335,1.495,193.51666666666668,86903.58333333333
16.41333333333333,64.38499999999998,393.6366666666669,1.385,191.33333333333334,134553.0
18.884999999999977,58.316666666666656,467.35833333333335,1.271666666666667,169.11666666666667,147677.75
20.59500000000002,51.84333333333337,475.62333333333333,1.0799999999999996,104.25,147702.25
21.230000000000004,46.6066666666667,359.28166666666647,1.626666666666666,87.66666666666667,120220.5
20.778333333333347,46.76833333333338,329.62,1.5133333333333339,71.6,93203.83333333333
20.341666666666665,47.90333333333336,144.44833333333335,1.4349999999999996,89.63333333333334,45229.583333333336
19.915,46.25833333333335,88.80166666666665,1.4033333333333324,89.65,26798.166666666668
19.316666666666663,49.56166666666666,46.59999999999997,1.4233333333333333,70.15,9265.833333333334
18.324999999999992,56.486666666666714,0.735000000000002,0.961666666666667,70.03333333333333,5.916666666666667
17.45833333333332,58.83333333333339,0.19999999999999982,0.49166666666666675,74.51666666666667,0.0
16.958333333333318,60.335,0.19999999999999982,0.4616666666666667,154.93333333333334,0.0
11.700000000000008,79.0500000000001,0.19999999999999982,1.5299999999999998,151.0,0.0
11.700000000000008,79.21333333333322,6.478333333333331,1.4349999999999998,151.0,1591.8333333333333
11.758333333333342,78.53499999999998,79.84666666666665,1.7700000000000007,151.0,27645.0
13.35999999999999,74.03166666666667,233.7250000000001,1.57,151.0,81499.66666666667
15.641666666666685,67.06333333333335,383.98500000000007,1.8183333333333338,151.0,130283.5
17.289999999999985,62.41166666666673,504.36333333333346,1.8516666666666668,151.0,154209.58333333334
18.621666666666655,59.30666666666665,488.4566666666668,1.4883333333333335,183.9,147298.83333333334
20.031666666666673,55.52166666666672,483.48333333333335,1.3166666666666662,179.36666666666667,128395.75
20.86166666666667,52.09500000000003,301.1850000000001,0.5983333333333333,162.91666666666666,94738.08333333333
20.791666666666668,50.588333333333324,224.09000000000012,0.5300000000000001,122.93333333333334,66070.41666666667
